JobLevel,MonthlyIncome,Income-Mean=X,X/Mean
2,5993,490.722846442,0.0891854105
2,5130,-372.277153558,-0.0676587426
1,2090,-696.915285451,-0.250066907
1,2909,122.084714549,0.043806396
1,3468,681.084714549,0.2443865869
1,3068,281.084714549,0.1008587222
1,2670,-116.915285451,-0.0419515032
1,2693,-93.9152854512,-0.033698651
3,9526,-291.252293578,-0.0296673942
2,5237,-265.277153558,-0.0482122485
1,2426,-360.915285451,-0.1295035006
2,4193,-1309.27715356,-0.2379518728
1,2911,124.084714549,0.0445240353
1,2661,-125.915285451,-0.0451808801
1,2028,-758.915285451,-0.272313726
3,9980,162.747706422,0.0165777248
1,3298,511.084714549,0.1833872444
1,2935,148.084714549,0.0531357072
4,15427,-76.7830188679,-0.0049525344
1,3944,1157.08471455,0.4151847459
2,4011,-1491.27715356,-0.271029087
1,3407,620.084714549,0.2224985875
3,11994,2176.74770642,0.2217267766
1,1232,-1554.91528545,-0.5579341767
1,2960,173.084714549,0.0621061987
5,19094,-97.8260869565,-0.0050972787
1,3919,1132.08471455,0.4062142543
2,6825,1322.72284644,0.2403955325
3,10248,430.747706422,0.0438766055
5,18947,-244.826086957,-0.0127567896
1,2496,-290.915285451,-0.1043861243
2,6465,962.722846442,0.1749680759
1,2206,-580.915285451,-0.2084438262
2,2086,-3416.27715356,-0.6208842372
1,2293,-493.915285451,-0.1772265157
1,2645,-141.915285451,-0.0509219947
1,2683,-103.915285451,-0.0372868476
1,2014,-772.915285451,-0.2773372013
1,3419,632.084714549,0.2268044235
2,5376,-126.277153558,-0.0229499805
1,1951,-835.915285451,-0.29994284
1,2341,-445.915285451,-0.1600031719
1,2293,-493.915285451,-0.1772265157
3,8726,-1091.25229358,-0.1111565906
2,4011,-1491.27715356,-0.271029087
5,19545,353.173913043,0.018402309
2,4568,-934.277153558,-0.1697982721
1,3022,235.084714549,0.0843530178
2,5772,269.722846442,0.0490202218
1,2269,-517.915285451,-0.1858381875
3,5381,-4436.25229358,-0.4518832929
1,3441,654.084714549,0.234698456
2,5454,-48.2771535581,-0.0087740316
3,9884,66.747706422,0.0067990212
2,4157,-1345.27715356,-0.2444946185
3,13458,3640.74770642,0.370852006
3,9069,-748.252293578,-0.0762180976
1,4014,1227.08471455,0.4403021222
2,5915,412.722846442,0.0750094615
2,5993,490.722846442,0.0891854105
2,6162,659.722846442,0.1198999665
2,2406,-3096.27715356,-0.562726498
5,18740,-451.826086957,-0.0235426314
3,7637,-2180.25229358,-0.2220837591
3,10096,278.747706422,0.0283936582
4,14756,-747.783018868,-0.0482322939
2,6499,996.722846442,0.1811473357
3,9724,-93.252293578,-0.0094988181
1,2194,-592.915285451,-0.2127496622
1,3388,601.084714549,0.2156810139
2,5473,-29.2771535581,-0.0053209158
1,2703,-83.9152854512,-0.0301104543
1,2501,-285.915285451,-0.102592026
2,6220,717.722846442,0.1304410568
1,3038,251.084714549,0.0900941323
2,4424,-1078.27715356,-0.1959692548
2,4312,-1190.27715356,-0.2163244636
3,13245,3427.74770642,0.3491555075
3,13664,3846.74770642,0.3918354741
2,5021,-481.277153558,-0.0874687225
2,5126,-376.277153558,-0.0683857143
1,2859,72.0847145488,0.0258654129
3,10239,421.747706422,0.0429598521
2,5329,-173.277153558,-0.0314918985
2,4325,-1177.27715356,-0.2139618054
3,7260,-2557.25229358,-0.2604855429
1,2322,-464.915285451,-0.1668207455
1,2075,-711.915285451,-0.2554492019
2,4152,-1350.27715356,-0.2454033332
3,9619,-198.252293578,-0.0201942751
4,13503,-2000.78301887,-0.1290512784
2,5441,-61.2771535581,-0.0111366897
2,5209,-293.277153558,-0.0533010507
3,10673,855.747706422,0.0871677411
2,5010,-492.277153558,-0.0894678948
3,13549,3731.74770642,0.3801214021
2,4999,-503.277153558,-0.0914670671
2,4221,-1281.27715356,-0.2328630707
4,13872,-1631.78301887,-0.1052506357
2,2042,-3460.27715356,-0.6288809264
1,2073,-713.915285451,-0.2561668412
1,2956,169.084714549,0.0606709201
1,2926,139.084714549,0.0499063302
2,4809,-693.277153558,-0.1259982248
2,5163,-339.277153558,-0.0616612257
5,18844,-347.826086957,-0.0181236577
5,18172,-1019.82608696,-0.0531385644
2,5744,241.722846442,0.0439314196
1,2889,102.084714549,0.0366300027
1,2871,84.0847145488,0.0301712488
3,7484,-2333.25229358,-0.2376685679
2,6074,571.722846442,0.1039065882
4,17328,1824.21698113,0.1176627007
1,2774,-12.9152854512,-0.0046342584
2,4505,-997.277153558,-0.1812480771
3,7428,-2389.25229358,-0.2433728117
3,11631,1813.74770642,0.1847510538
3,9738,-79.252293578,-0.0080727571
1,2835,48.0847145488,0.017253741
4,16959,1455.21698113,0.093862058
1,2613,-173.915285451,-0.0624042239
2,6146,643.722846442,0.1169920795
1,4963,2176.08471455,0.7808219812
5,19537,345.173913043,0.0179854648
2,6172,669.722846442,0.1217173959
1,2368,-418.915285451,-0.150315041
3,10312,494.747706422,0.0503957413
1,1675,-1111.91528545,-0.3989770666
1,2523,-263.915285451,-0.0946979935
2,6567,1064.72284644,0.1935058553
1,4739,1952.08471455,0.7004463769
3,9208,-609.252293578,-0.0620593497
2,4559,-943.277153558,-0.1714339586
3,8189,-1628.25229358,-0.1658562136
1,2942,155.084714549,0.0556474448
2,4941,-561.277153558,-0.1020081573
3,10650,832.747706422,0.0848249267
2,5902,399.722846442,0.0726468034
2,8639,3136.72284644,0.5700772169
2,6347,844.722846442,0.1535224095
1,4200,1413.08471455,0.5070425793
1,3452,665.084714549,0.2386454723
2,4317,-1185.27715356,-0.2154157489
1,2632,-154.915285451,-0.0555866503
2,4668,-834.277153558,-0.1516239786
1,3204,417.084714549,0.1496581962
1,2720,-66.9152854512,-0.0240105201
4,17181,1677.21698113,0.1081811439
1,2238,-548.915285451,-0.196961597
1,1483,-1303.91528545,-0.4678704417
2,5605,102.722846442,0.0186691516
3,7295,-2522.25229358,-0.2569203906
2,2306,-3196.27715356,-0.5809007915
2,2348,-3154.27715356,-0.5732675882
3,8998,-819.252293578,-0.0834502638
2,4319,-1183.27715356,-0.215052263
2,6132,629.722846442,0.1144476785
1,3346,559.084714549,0.2006105882
3,10855,1037.74770642,0.1057065333
1,2231,-555.915285451,-0.1994733347
1,2323,-463.915285451,-0.1664619258
1,2024,-762.915285451,-0.2737490047
1,2713,-73.9152854512,-0.0265222577
3,9439,-378.252293578,-0.0385293443
1,2566,-220.915285451,-0.079268748
5,19926,734.173913043,0.0382545105
1,2451,-335.915285451,-0.1205330091
3,9419,-398.252293578,-0.0405665742
2,8686,3183.72284644,0.5786191349
1,3038,251.084714549,0.0900941323
1,3058,271.084714549,0.0972705256
1,2325,-461.915285451,-0.1657442865
1,2088,-698.915285451,-0.2507845463
2,3072,-2430.27715356,-0.4416857032
2,5006,-496.277153558,-0.0901948665
1,4257,1470.08471455,0.5274953
1,2500,-286.915285451,-0.1029508457
1,1102,-1684.91528545,-0.6045807328
3,10453,635.747706422,0.0647582121
1,2288,-498.915285451,-0.179020614
1,3929,1142.08471455,0.4098024509
1,2311,-475.915285451,-0.1707677617
1,3140,353.084714549,0.1266937378
1,3690,903.084714549,0.3240445518
2,4450,-1052.27715356,-0.1912439385
1,2756,-30.9152854512,-0.0110930123
5,19033,-158.826086957,-0.0082757152
5,18722,-469.826086957,-0.0244805307
2,9547,4044.72284644,0.7350998021
4,13734,-1769.78301887,-0.1141516891
5,19999,807.173913043,0.0420582132
1,2279,-507.915285451,-0.1822499909
2,5916,413.722846442,0.0751912045
1,2089,-697.915285451,-0.2504257266
4,16792,1288.21698113,0.0830904934
1,3564,777.084714549,0.2788332744
2,4425,-1077.27715356,-0.1957875119
2,5265,-237.277153558,-0.0431234463
2,6553,1050.72284644,0.1909614542
2,6261,758.722846442,0.1378925171
2,4298,-1204.27715356,-0.2188688646
2,6804,1301.72284644,0.2365789309
1,3815,1028.08471455,0.3688970095
2,2741,-2761.27715356,-0.5018426147
2,6673,1170.72284644,0.2127706064
3,7639,-2178.25229358,-0.2218800361
1,2328,-458.915285451,-0.1646678275
1,2153,-633.915285451,-0.2274612683
2,4876,-626.277153558,-0.1138214481
3,9396,-421.252293578,-0.0429093886
3,10400,582.747706422,0.0593595529
3,8474,-1343.25229358,-0.1368256874
2,9981,4478.72284644,0.8139762359
3,12490,2672.74770642,0.2722500784
1,2657,-129.915285451,-0.0466161588
3,13591,3773.74770642,0.3843995849
2,6696,1193.72284644,0.2169506939
1,2058,-728.915285451,-0.2615491362
3,8865,-952.252293578,-0.0969978427
2,5940,437.722846442,0.0795530349
2,5914,411.722846442,0.0748277186
1,2622,-164.915285451,-0.0591748469
3,12185,2367.74770642,0.2411823223
3,10609,791.747706422,0.0806486054
2,4345,-1157.27715356,-0.2103269467
1,2177,-609.915285451,-0.2188495964
1,2793,6.0847145488,0.0021833152
3,7918,-1899.25229358,-0.1934606789
3,8789,-1028.25229358,-0.1047393163
1,2389,-397.915285451,-0.1427798281
1,3212,425.084714549,0.1525287535
5,19232,40.1739130435,0.0020932825
1,2267,-519.915285451,-0.1865558269
5,19517,325.173913043,0.0169433545
1,2436,-350.915285451,-0.125915304
4,16064,560.216981132,0.0361342119
1,2707,-79.9152854512,-0.0286751757
5,19068,-123.826086957,-0.0064520221
1,3931,1144.08471455,0.4105200903
1,3730,943.084714549,0.3383973383
1,2232,-554.915285451,-0.199114515
2,4465,-1037.27715356,-0.1885177945
2,3072,-2430.27715356,-0.4416857032
2,3319,-2183.27715356,-0.3967951982
5,19202,10.1739130435,0.000530117
3,13675,3857.74770642,0.3929559505
1,2911,124.084714549,0.0445240353
2,5957,454.722846442,0.0826426648
1,3920,1133.08471455,0.406573074
2,6434,931.722846442,0.1693340449
3,10048,230.747706422,0.0235043065
3,10938,1120.74770642,0.1141610374
1,2340,-446.915285451,-0.1603619915
2,6545,1042.72284644,0.1895075107
2,6931,1428.72284644,0.2596602837
2,4898,-604.277153558,-0.1098231035
1,2593,-193.915285451,-0.0695806171
5,19436,244.173913043,0.0127228077
1,2723,-63.9152854512,-0.0229340611
1,3479,692.084714549,0.2483336032
1,2794,7.0847145488,0.0025421349
2,5249,-253.277153558,-0.0460313333
2,2176,-3326.27715356,-0.6045273731
4,16872,1368.21698113,0.0882505244
1,3485,698.084714549,0.2504865211
2,6644,1141.72284644,0.2075000613
2,5582,79.7228464419,0.0144890641
2,4000,-1502.27715356,-0.2730282593
4,13496,-2007.78301887,-0.1295027811
1,3210,423.084714549,0.1518111142
5,19045,-146.826086957,-0.007650449
3,11849,2031.74770642,0.2069568598
1,2070,-716.915285451,-0.2572433002
2,6502,999.722846442,0.1816925645
1,3230,443.084714549,0.1589875074
3,13603,3785.74770642,0.3856219228
3,11996,2178.74770642,0.2219304996
2,5605,102.722846442,0.0186691516
2,6397,894.722846442,0.1626095563
5,19144,-47.8260869565,-0.0024920029
4,17584,2080.21698113,0.1341747997
2,4907,-595.277153558,-0.1081874171
2,4554,-948.277153558,-0.1723426732
2,5415,-87.2771535581,-0.0158620061
2,4741,-761.277153558,-0.1383567444
1,2115,-671.915285451,-0.2410964154
1,3161,374.084714549,0.1342289507
2,5745,242.722846442,0.0441131625
1,2373,-413.915285451,-0.1485209427
1,3310,523.084714549,0.1876930803
5,18665,-526.826086957,-0.0274505451
2,4485,-1017.27715356,-0.1848829358
1,2789,2.0847145488,0.0007480366
2,5828,325.722846442,0.0591978262
1,2326,-460.915285451,-0.1653854668
4,13525,-1978.78301887,-0.1276322699
1,1420,-1366.91528545,-0.4904760803
3,8020,-1797.25229358,-0.1830708064
1,3688,901.084714549,0.3233269125
2,5482,-20.2771535581,-0.0036852294
4,16015,511.216981132,0.032973693
1,1200,-1586.91528545,-0.5694164059
2,5661,158.722846442,0.028846756
2,6929,1426.72284644,0.2592967978
3,9613,-204.252293578,-0.0208054441
2,5674,171.722846442,0.0312094141
2,5484,-18.2771535581,-0.0033217435
3,12061,2243.74770642,0.2285514968
2,5660,157.722846442,0.0286650131
1,4821,2034.08471455,0.7298695892
2,6410,907.722846442,0.1649722144
3,5210,-4607.25229358,-0.4693016086
1,2695,-91.9152854512,-0.0329810116
3,11878,2060.74770642,0.2099108432
4,17068,1564.21698113,0.1008926002
1,2455,-331.915285451,-0.1190977304
4,13964,-1539.78301887,-0.0993166001
2,4941,-561.277153558,-0.1020081573
1,2478,-308.915285451,-0.1108448782
2,5228,-274.277153558,-0.0498479349
2,4478,-1024.27715356,-0.1861551363
2,7547,2044.72284644,0.3716139317
2,5055,-447.277153558,-0.0812894627
1,3464,677.084714549,0.2429513082
2,5775,272.722846442,0.0495654506
3,8943,-874.252293578,-0.089052646
5,19272,80.1739130435,0.0041775031
2,5238,-264.277153558,-0.0480305056
2,4682,-820.277153558,-0.1490795775
5,18300,-891.826086957,-0.0464690584
2,5257,-245.277153558,-0.0445773898
2,6349,846.722846442,0.1538858954
2,4869,-633.277153558,-0.1150936487
3,9985,167.747706422,0.0170870322
2,3697,-1805.27715356,-0.3280963687
2,7457,1954.72284644,0.3552570676
1,2119,-667.915285451,-0.2396611368
1,3983,1196.08471455,0.4291787127
2,6118,615.722846442,0.1119032774
2,6214,711.722846442,0.1293505991
2,6347,844.722846442,0.1535224095
3,11510,1692.74770642,0.1724258128
3,7143,-2674.25229358,-0.2724033379
2,8268,2765.72284644,0.502650588
3,8095,-1722.25229358,-0.1754311942
1,2904,117.084714549,0.0420122977
2,6032,529.722846442,0.0962733849
2,2976,-2526.27715356,-0.4591330249
4,15992,488.216981132,0.0314901841
2,4649,-853.277153558,-0.1550770944
1,2696,-90.9152854512,-0.032622192
1,2370,-416.915285451,-0.1495974017
3,12504,2686.74770642,0.2736761393
2,5974,471.722846442,0.0857322947
2,4736,-766.277153558,-0.139265459
2,5296,-206.277153558,-0.0374894153
2,6781,1278.72284644,0.2323988434
1,2174,-612.915285451,-0.2199260554
2,6653,1150.72284644,0.2091357477
3,9699,-118.252293578,-0.0120453555
2,6755,1252.72284644,0.2276735271
1,2213,-573.915285451,-0.2059320886
1,2610,-176.915285451,-0.0634806829
1,2851,64.0847145488,0.0229948556
1,3452,665.084714549,0.2386454723
2,5258,-244.277153558,-0.0443956469
2,9355,3852.72284644,0.7002051585
3,10496,678.747706422,0.0691382564
2,6380,877.722846442,0.1595199264
1,2657,-129.915285451,-0.0466161588
1,2716,-70.9152854512,-0.0254457987
1,2201,-585.915285451,-0.2102379245
2,6540,1037.72284644,0.188598796
1,3816,1029.08471455,0.3692558292
2,5253,-249.277153558,-0.0453043616
3,10965,1147.74770642,0.1169112978
2,4936,-566.277153558,-0.102916872
1,2543,-243.915285451,-0.0875216002
2,5304,-198.277153558,-0.0360354719
4,16659,1155.21698113,0.074511942
2,4260,-1242.27715356,-0.2257750962
1,2476,-310.915285451,-0.1115625176
1,3102,315.084714549,0.1130585907
1,2244,-542.915285451,-0.1948086791
3,7596,-2221.25229358,-0.2262600804
1,2285,-501.915285451,-0.1800970729
1,3034,247.084714549,0.0886588537
2,5715,212.722846442,0.0386608745
1,2576,-210.915285451,-0.0756805514
2,4197,-1305.27715356,-0.2372249011
4,14336,-1167.78301887,-0.0753224563
2,3448,-2054.27715356,-0.3733503595
5,19406,214.173913043,0.0111596422
2,6538,1035.72284644,0.1882353101
2,4306,-1196.27715356,-0.2174149212
1,2258,-528.915285451,-0.1897852038
2,4522,-980.277153558,-0.1781584472
2,4487,-1015.27715356,-0.1845194499
2,4449,-1053.27715356,-0.1914256814
1,2218,-568.915285451,-0.2041379903
5,19197,5.1739130435,0.0002695894
4,13212,-2291.78301887,-0.1478208909
2,6577,1074.72284644,0.1953232846
3,8392,-1425.25229358,-0.14517833
2,4558,-944.277153558,-0.1716157015
1,4031,1244.08471455,0.4464020564
3,7969,-1848.25229358,-0.1882657426
1,2654,-132.915285451,-0.0476926178
4,16555,1051.21698113,0.0678039018
2,4556,-946.277153558,-0.1719791874
2,6091,588.722846442,0.1069962181
5,19566,374.173913043,0.0194965248
2,4810,-692.277153558,-0.1258164818
2,4523,-979.277153558,-0.1779767042
1,3202,415.084714549,0.1489405569
1,2351,-435.915285451,-0.1564149753
1,1702,-1084.91528545,-0.3892889357
5,18041,-1150.82608696,-0.059964387
1,2886,99.0847145488,0.0355535438
1,2097,-689.915285451,-0.2475551693
3,11935,2117.74770642,0.2157169484
1,2546,-240.915285451,-0.0864451412
1,2564,-222.915285451,-0.0799863873
3,8412,-1405.25229358,-0.1431411001
4,14118,-1385.78301887,-0.0893835406
4,17046,1542.21698113,0.0994735917
1,2564,-222.915285451,-0.0799863873
3,10266,448.747706422,0.0457101125
2,5070,-432.277153558,-0.0785633187
4,17861,2357.21698113,0.1520414068
1,4230,1443.08471455,0.5178071691
2,3780,-1722.27715356,-0.3130117051
1,2768,-18.9152854512,-0.0067871763
3,9071,-746.252293578,-0.0760143746
3,10648,830.747706422,0.0846212037
3,13610,3792.74770642,0.3863349533
1,3408,621.084714549,0.2228574072
1,2983,196.084714549,0.0703590509
3,7632,-2185.25229358,-0.2225930666
3,9824,6.747706422,0.0006873315
3,9950,132.747706422,0.0135218799
1,2093,-693.915285451,-0.248990448
3,9980,162.747706422,0.0165777248
1,3894,1107.08471455,0.3972437628
2,4051,-1451.27715356,-0.2637593696
4,16835,1331.21698113,0.0858640101
2,6230,727.722846442,0.1322584861
2,4717,-785.277153558,-0.1427185748
4,13237,-2266.78301887,-0.1462083813
1,3755,968.084714549,0.3473678298
2,6582,1079.72284644,0.1962319993
3,7406,-2411.25229358,-0.2456137646
2,4805,-697.277153558,-0.1267251965
1,2741,-45.9152854512,-0.0164753072
2,4262,-1240.27715356,-0.2254116103
4,16184,680.216981132,0.0438742583
3,11557,1739.74770642,0.1772133031
1,1878,-908.915285451,-0.3261366753
3,10932,1114.74770642,0.1135498684
2,6811,1308.72284644,0.2378511314
2,4306,-1196.27715356,-0.2174149212
2,4859,-643.277153558,-0.116911078
2,5337,-165.277153558,-0.030037955
1,2340,-446.915285451,-0.1603619915
3,7491,-2326.25229358,-0.2369555375
3,10527,709.747706422,0.0722959628
4,16595,1091.21698113,0.0703839173
3,8834,-983.252293578,-0.100155549
2,5577,74.7228464419,0.0135803494
2,4707,-795.277153558,-0.1445360042
1,2400,-386.915285451,-0.1388328118
2,9824,4321.72284644,0.7854425951
2,6447,944.722846442,0.171696703
5,19502,310.173913043,0.0161617718
1,2725,-61.9152854512,-0.0222164218
2,6272,769.722846442,0.1398916894
1,2127,-659.915285451,-0.2367905795
5,18200,-991.826086957,-0.05167961
1,2096,-690.915285451,-0.247913989
1,2886,99.0847145488,0.0355535438
1,2033,-753.915285451,-0.2705196277
1,3622,835.084714549,0.2996448148
2,4233,-1269.27715356,-0.2306821554
2,3681,-1821.27715356,-0.3310042556
2,5460,-42.2771535581,-0.007683574
1,2187,-599.915285451,-0.2152613998
2,9602,4099.72284644,0.7450956635
1,2836,49.0847145488,0.0176125607
2,4089,-1413.27715356,-0.2568531381
4,16627,1123.21698113,0.0724479296
1,2619,-167.915285451,-0.0602513059
2,5679,176.722846442,0.0321181288
4,15402,-101.783018868,-0.0065650441
2,5985,482.722846442,0.087731467
1,2579,-207.915285451,-0.0746040924
1,3041,254.084714549,0.0911705913
1,3447,660.084714549,0.236851374
5,19513,321.173913043,0.0167349324
1,2773,-13.9152854512,-0.004993078
2,7104,1601.72284644,0.2911018114
2,6322,819.722846442,0.1489788361
1,2083,-703.915285451,-0.2525786446
2,8381,2878.72284644,0.5231875397
1,2691,-95.9152854512,-0.0344162903
2,4286,-1216.27715356,-0.2210497799
1,2659,-127.915285451,-0.0458985195
3,9434,-383.252293578,-0.0390386518
2,5561,58.7228464419,0.0106724625
2,6646,1143.72284644,0.2078635471
2,7725,2222.72284644,0.4039641742
3,10725,907.747706422,0.0924645389
2,8847,3344.72284644,0.6078797474
1,2045,-741.915285451,-0.2662137918
1,1009,-1777.91528545,-0.6379509613
1,3348,561.084714549,0.2013282275
1,1281,-1505.91528545,-0.5403520133
1,2819,32.0847145488,0.0115126264
2,4851,-651.277153558,-0.1183650215
2,4028,-1474.27715356,-0.2679394571
1,2720,-66.9152854512,-0.0240105201
2,8120,2617.72284644,0.4757526336
2,4647,-855.277153558,-0.1554405803
1,4680,1893.08471455,0.6792760169
1,3221,434.084714549,0.1557581304
3,8621,-1196.25229358,-0.1218520476
2,4577,-925.277153558,-0.1681625857
2,4553,-949.277153558,-0.1725244162
2,5396,-106.277153558,-0.0193151218
2,6796,1293.72284644,0.2351249874
2,7625,2122.72284644,0.3857898807
3,7412,-2405.25229358,-0.2450025956
3,11159,1341.74770642,0.1366724279
2,4960,-542.277153558,-0.0985550416
3,10475,657.747706422,0.066999165
4,14814,-689.783018868,-0.0444912715
5,19141,-50.8260869565,-0.0026483195
2,5405,-97.2771535581,-0.0176794354
3,8793,-1024.25229358,-0.1043318704
5,19189,-2.8260869565,-0.0001472547
1,3875,1088.08471455,0.3904261892
1,2216,-570.915285451,-0.2048556296
3,11713,1895.74770642,0.1931036964
3,7861,-1956.25229358,-0.1992667841
1,3708,921.084714549,0.3305033057
4,13770,-1733.78301887,-0.1118296752
2,5304,-198.277153558,-0.0360354719
1,2642,-144.915285451,-0.0519984537
1,2759,-27.9152854512,-0.0100165533
2,6804,1301.72284644,0.2365789309
2,6142,639.722846442,0.1162651078
1,2500,-286.915285451,-0.1029508457
2,6389,886.722846442,0.1611556128
4,11103,-4400.78301887,-0.2838522065
1,2342,-444.915285451,-0.1596443522
2,6811,1308.72284644,0.2378511314
1,2297,-489.915285451,-0.175791237
2,2450,-3052.27715356,-0.5547298088
2,5093,-409.277153558,-0.0743832312
2,5309,-193.277153558,-0.0351267572
1,3057,270.084714549,0.0969117059
2,5121,-381.277153558,-0.069294429
4,16856,1352.21698113,0.0872185182
1,2686,-100.915285451,-0.0362103886
2,6180,677.722846442,0.1231713393
2,6632,1129.72284644,0.205319146
1,3505,718.084714549,0.2576629144
2,6397,894.722846442,0.1626095563
2,6274,771.722846442,0.1402551752
5,19859,667.173913043,0.034763441
3,7587,-2230.25229358,-0.2271768339
1,4258,1471.08471455,0.5278541197
1,4364,1577.08471455,0.5658890038
2,4335,-1167.27715356,-0.212144376
2,5326,-176.277153558,-0.0320371273
1,3280,493.084714549,0.1769284905
2,5485,-17.2771535581,-0.0031400006
2,4342,-1160.27715356,-0.2108721755
1,2782,-4.9152854512,-0.0017637011
2,5980,477.722846442,0.0868227523
1,4381,1594.08471455,0.571988938
1,2572,-214.915285451,-0.07711583
1,3833,1046.08471455,0.3753557634
2,4244,-1258.27715356,-0.2286829831
2,6500,997.722846442,0.1813290786
5,18430,-761.826086957,-0.0396953413
1,1601,-1185.91528545,-0.4255297216
1,2694,-92.9152854512,-0.0333398313
2,3149,-2353.27715356,-0.4276914972
4,17639,2135.21698113,0.137722321
1,2319,-467.915285451,-0.1678972044
3,11691,1873.74770642,0.1908627435
2,5324,-178.277153558,-0.0324006132
4,16752,1248.21698113,0.080510478
2,5228,-274.277153558,-0.0498479349
1,2700,-86.9152854512,-0.0311869133
5,19246,54.1739130435,0.0028227597
1,2506,-280.915285451,-0.1007979277
2,6062,559.722846442,0.101725673
1,4382,1595.08471455,0.5723477577
1,2143,-643.915285451,-0.2310494649
2,6162,659.722846442,0.1198999665
2,5094,-408.277153558,-0.0742014883
2,6877,1374.72284644,0.2498461652
1,2274,-512.915285451,-0.1840440892
2,4434,-1068.27715356,-0.1941518255
2,6288,785.722846442,0.1427995763
1,2553,-233.915285451,-0.0839334036
3,7654,-2163.25229358,-0.2203521137
2,5160,-342.277153558,-0.0622064545
4,17159,1655.21698113,0.1067621354
3,12808,2990.74770642,0.3046420339
3,10221,403.747706422,0.0411263452
2,4779,-723.277153558,-0.1314505128
1,3737,950.084714549,0.3409090759
1,2366,-420.915285451,-0.1510326803
1,1706,-1080.91528545,-0.3878536571
4,16307,803.216981132,0.0518078059
2,5933,430.722846442,0.0782808344
1,3424,637.084714549,0.2285985218
2,4037,-1465.27715356,-0.2663037707
1,2559,-227.915285451,-0.0817804856
2,6201,698.722846442,0.126987941
2,4403,-1099.27715356,-0.1997858565
1,3761,974.084714549,0.3495207478
3,10934,1116.74770642,0.1137535914
3,10761,943.747706422,0.0961315527
2,5175,-327.277153558,-0.0594803105
4,13826,-1677.78301887,-0.1082176535
2,6334,831.722846442,0.1511597514
1,4936,2149.08471455,0.7711338503
2,4775,-727.277153558,-0.1321774846
1,2818,31.0847145488,0.0111538068
1,2515,-271.915285451,-0.0975685507
1,2342,-444.915285451,-0.1596443522
2,4194,-1308.27715356,-0.2377701299
3,10685,867.747706422,0.0883900791
1,2022,-764.915285451,-0.274466644
1,2314,-472.915285451,-0.1696913028
2,4256,-1246.27715356,-0.2265020679
1,3580,793.084714549,0.284574389
1,3162,375.084714549,0.1345877704
2,6524,1021.72284644,0.185690909
1,2899,112.084714549,0.0402181994
2,5231,-271.277153558,-0.0493027061
1,2356,-430.915285451,-0.154620877
1,2800,13.0847145488,0.0046950528
4,11836,-3667.78301887,-0.236573423
3,10903,1085.74770642,0.1105958851
1,2973,186.084714549,0.0667708543
4,14275,-1228.78301887,-0.0792569799
2,5562,59.7228464419,0.0108542054
2,4537,-965.277153558,-0.1754323031
3,7642,-2175.25229358,-0.2215744516
4,17924,2420.21698113,0.1561049312
2,5204,-298.277153558,-0.0542097654
1,2277,-509.915285451,-0.1829676302
1,2795,8.0847145488,0.0029009545
1,2532,-254.915285451,-0.0914686165
1,2559,-227.915285451,-0.0817804856
2,4908,-594.277153558,-0.1080056742
1,2380,-406.915285451,-0.1460092051
2,4765,-737.277153558,-0.1339949139
1,2044,-742.915285451,-0.2665726114
1,2693,-93.9152854512,-0.033698651
2,6586,1083.72284644,0.196958971
1,3294,507.084714549,0.1819519657
2,4171,-1331.27715356,-0.2419502174
1,2778,-8.9152854512,-0.0031989797
1,2377,-409.915285451,-0.1470856641
1,2404,-382.915285451,-0.1373975332
1,2318,-468.915285451,-0.1682560241
1,2008,-778.915285451,-0.2794901192
2,6244,741.722846442,0.1348028872
1,2799,12.0847145488,0.0043362332
3,10552,734.747706422,0.0748425002
1,2329,-457.915285451,-0.1643090078
2,4014,-1488.27715356,-0.2704838582
3,7403,-2414.25229358,-0.2459193491
1,2259,-527.915285451,-0.1894263841
2,6932,1429.72284644,0.2598420266
1,4678,1891.08471455,0.6785583776
3,13582,3764.74770642,0.3834828314
1,2332,-454.915285451,-0.1632325488
1,2413,-373.915285451,-0.1341681562
3,9705,-112.252293578,-0.0114341865
2,4294,-1208.27715356,-0.2195958364
1,4721,1934.08471455,0.693987623
1,2519,-267.915285451,-0.0961332721
1,2121,-665.915285451,-0.2389434975
1,2973,186.084714549,0.0667708543
2,5855,352.722846442,0.0641048854
1,3617,830.084714549,0.2978507165
2,6725,1222.72284644,0.222221239
3,10325,507.747706422,0.0517199407
2,6949,1446.72284644,0.2629316565
3,10609,791.747706422,0.0806486054
2,4447,-1055.27715356,-0.1917891673
1,2157,-629.915285451,-0.2260259896
2,4601,-901.277153558,-0.1638007553
4,17099,1595.21698113,0.1028921122
1,2479,-307.915285451,-0.1104860586
4,14852,-651.783018868,-0.0420402568
3,7264,-2553.25229358,-0.2600780969
2,5666,163.722846442,0.0297554707
3,7823,-1994.25229358,-0.203137521
3,7880,-1937.25229358,-0.1973314157
4,13194,-2309.78301887,-0.1489818979
2,5067,-435.277153558,-0.0791085475
2,5079,-423.277153558,-0.0769276323
1,2321,-465.915285451,-0.1671795651
4,17444,1940.21698113,0.1251447456
1,2404,-382.915285451,-0.1373975332
1,3452,665.084714549,0.2386454723
1,2270,-516.915285451,-0.1854793679
4,17399,1895.21698113,0.1222422282
2,5488,-14.2771535581,-0.0025947718
5,19419,227.173913043,0.0118370139
1,2811,24.0847145488,0.0086420691
2,3633,-1869.27715356,-0.3397279165
2,4163,-1339.27715356,-0.2434041609
1,2132,-654.915285451,-0.2349964812
4,13973,-1530.78301887,-0.0987360967
1,2684,-102.915285451,-0.0369280279
3,10845,1027.74770642,0.1046879183
2,4377,-1125.27715356,-0.2045111728
1,3743,956.084714549,0.3430619939
2,4148,-1354.27715356,-0.2461303049
1,1051,-1735.91528545,-0.6228805355
3,10739,921.747706422,0.0938905998
3,10388,570.747706422,0.0581372149
3,11416,1598.74770642,0.1628508323
1,2600,-186.915285451,-0.0670688795
1,2422,-364.915285451,-0.1309387793
2,5472,-30.2771535581,-0.0055026588
1,2451,-335.915285451,-0.1205330091
2,4240,-1262.27715356,-0.2294099549
3,10999,1181.74770642,0.1203745886
2,5003,-499.277153558,-0.0907400954
4,12742,-2761.78301887,-0.1781360727
2,4227,-1275.27715356,-0.231772613
1,3917,1130.08471455,0.405496615
5,18303,-888.826086957,-0.0463127418
1,2380,-406.915285451,-0.1460092051
4,13726,-1777.78301887,-0.1146676922
2,4777,-725.277153558,-0.1318139987
2,6385,882.722846442,0.1604286411
5,19973,781.173913043,0.0407034698
2,6861,1358.72284644,0.2469382782
2,4969,-533.277153558,-0.0969193551
5,19845,653.173913043,0.0340339637
4,13320,-2183.78301887,-0.1408548492
2,6347,844.722846442,0.1535224095
1,2743,-43.9152854512,-0.0157576679
3,10880,1062.74770642,0.1082530707
1,2342,-444.915285451,-0.1596443522
4,17650,2146.21698113,0.1384318252
1,4025,1238.08471455,0.4442491385
2,9725,4222.72284644,0.7674500445
3,11904,2086.74770642,0.212559242
1,2177,-609.915285451,-0.2188495964
3,7525,-2292.25229358,-0.2334922466
2,4834,-668.277153558,-0.1214546514
1,2042,-744.915285451,-0.2672902507
1,2220,-566.915285451,-0.203420351
1,1052,-1734.91528545,-0.6225217159
1,2821,34.0847145488,0.0122302657
5,19237,45.1739130435,0.00235381
2,4107,-1395.27715356,-0.2535817653
2,8396,2893.72284644,0.5259136837
1,2007,-779.915285451,-0.2798489389
5,19627,435.173913043,0.0226749613
3,10686,868.747706422,0.0884919406
1,2942,155.084714549,0.0556474448
3,8858,-959.252293578,-0.0977108732
4,16756,1252.21698113,0.0807684795
3,10798,980.747706422,0.0999004281
1,2323,-463.915285451,-0.1664619258
1,1416,-1370.91528545,-0.491911359
2,4615,-887.277153558,-0.1612563542
1,2461,-325.915285451,-0.1169448125
3,8722,-1095.25229358,-0.1115640365
1,3955,1168.08471455,0.4191317621
2,9957,4454.72284644,0.8096144055
1,3376,589.084714549,0.211375178
3,8823,-994.252293578,-0.1012760255
3,10322,504.747706422,0.0514143562
1,4621,1834.08471455,0.6581056569
3,10976,1158.74770642,0.1180317742
2,3660,-1842.27715356,-0.3348208573
3,10482,664.747706422,0.0677121955
3,7119,-2698.25229358,-0.2748480138
3,9582,-235.252293578,-0.0239631504
2,4508,-994.277153558,-0.1807028483
1,2207,-579.915285451,-0.2080850066
2,7756,2253.72284644,0.4095982052
2,6694,1191.72284644,0.216587208
1,3691,904.084714549,0.3244033715
1,2377,-409.915285451,-0.1470856641
1,2313,-473.915285451,-0.1700501224
4,17665,2161.21698113,0.139399331
1,2596,-190.915285451,-0.0685041581
2,4728,-774.277153558,-0.1407194025
2,4302,-1200.27715356,-0.2181418929
1,2979,192.084714549,0.0689237723
4,16885,1381.21698113,0.0890890294
2,5593,90.7228464419,0.0164882364
3,10445,627.747706422,0.0639433202
3,8740,-1077.25229358,-0.1097305296
1,2514,-272.915285451,-0.0979273704
3,7655,-2162.25229358,-0.2202502522
4,17465,1961.21698113,0.1264992537
3,7351,-2466.25229358,-0.2512161468
3,10820,1002.74770642,0.102141381
4,12169,-3334.78301887,-0.2150947943
5,19626,434.173913043,0.0226228557
1,2070,-716.915285451,-0.2572433002
2,6782,1279.72284644,0.2325805863
2,7779,2276.72284644,0.4137782927
1,2791,4.0847145488,0.0014656759
1,3201,414.084714549,0.1485817372
2,4968,-534.277153558,-0.0971010981
4,13120,-2383.78301887,-0.1537549265
2,4033,-1469.27715356,-0.2670307425
1,3291,504.084714549,0.1808755068
2,4272,-1230.27715356,-0.223594181
2,5056,-446.277153558,-0.0811077198
1,2844,57.0847145488,0.020483118
1,2703,-83.9152854512,-0.0301104543
1,1904,-882.915285451,-0.3168073641
2,8224,2721.72284644,0.4946538988
1,4766,1979.08471455,0.7101345078
1,2610,-176.915285451,-0.0634806829
2,5731,228.722846442,0.0415687615
1,2539,-247.915285451,-0.0889568789
2,5714,211.722846442,0.0384791316
1,4323,1536.08471455,0.5511773977
3,7336,-2481.25229358,-0.2527440693
3,13499,3681.74770642,0.3750283273
4,13758,-1745.78301887,-0.1126036798
2,5155,-347.277153558,-0.0631151692
1,2258,-528.915285451,-0.1897852038
1,3597,810.084714549,0.2906743232
1,2515,-271.915285451,-0.0975685507
1,4420,1633.08471455,0.5859829049
2,6578,1075.72284644,0.1955050275
2,4422,-1080.27715356,-0.1963327407
3,10274,456.747706422,0.0465250044
2,5343,-159.277153558,-0.0289474974
1,2376,-410.915285451,-0.1474444837
2,5346,-156.277153558,-0.0284022686
1,2827,40.0847145488,0.0143831837
5,19943,751.173913043,0.0391403043
1,3131,344.084714549,0.1234643609
1,2552,-234.915285451,-0.0842922233
1,4477,1690.08471455,0.6064356256
2,6474,971.722846442,0.1766037623
1,3033,246.084714549,0.088300034
1,2936,149.084714549,0.0534945268
5,18606,-585.826086957,-0.0305247705
1,2168,-618.915285451,-0.2220789734
1,2853,66.0847145488,0.0237124949
4,17048,1544.21698113,0.0996025924
1,2290,-496.915285451,-0.1783029746
1,3600,813.084714549,0.2917507822
1,2107,-679.915285451,-0.2439669727
2,4115,-1387.27715356,-0.2521278218
2,4327,-1175.27715356,-0.2135983195
4,17856,2352.21698113,0.1517189049
1,3196,409.084714549,0.1467876389
5,19081,-110.826086957,-0.0057746504
2,8966,3463.72284644,0.6295071567
1,2210,-576.915285451,-0.2070085476
2,4539,-963.277153558,-0.1750688173
1,2741,-45.9152854512,-0.0164753072
2,3491,-2011.27715356,-0.3655354133
2,4541,-961.277153558,-0.1747053314
1,2678,-108.915285451,-0.0390809459
2,7379,1876.72284644,0.3410811186
2,6272,769.722846442,0.1398916894
2,5220,-282.277153558,-0.0513018784
1,2743,-43.9152854512,-0.0157576679
2,4998,-504.277153558,-0.09164881
3,10252,434.747706422,0.0442840515
1,2781,-5.9152854512,-0.0021225207
2,6852,1349.72284644,0.2453025918
2,4950,-552.277153558,-0.1003724709
1,3579,792.084714549,0.2842155693
3,13191,3373.74770642,0.3436549867
3,10377,559.747706422,0.0570167385
1,2235,-551.915285451,-0.198038056
3,10502,684.747706422,0.0697494254
1,2011,-775.915285451,-0.2784136603
1,1859,-927.915285451,-0.3329542488
1,3760,973.084714549,0.3491619281
4,17779,2275.21698113,0.1467523751
2,6833,1330.72284644,0.241849476
2,6812,1309.72284644,0.2380328744
2,5171,-331.277153558,-0.0602072822
5,19740,548.173913043,0.0285628846
5,18711,-480.826086957,-0.0250536913
1,3692,905.084714549,0.3247621911
1,2559,-227.915285451,-0.0817804856
1,2517,-269.915285451,-0.0968509114
2,6623,1120.72284644,0.2036834596
5,18265,-926.826086957,-0.0482927514
4,16124,620.216981132,0.0400042351
1,2585,-201.915285451,-0.0724511744
5,18213,-978.826086957,-0.0510022383
3,8380,-1437.25229358,-0.146400668
1,2994,207.084714549,0.0743060672
1,1223,-1563.91528545,-0.5611635537
1,1118,-1668.91528545,-0.5988396182
1,2875,88.0847145488,0.0316065275
5,18824,-367.826086957,-0.019165768
4,13577,-1926.78301887,-0.1242782498
1,2625,-161.915285451,-0.058098388
5,18789,-402.826086957,-0.0209894611
2,4538,-964.277153558,-0.1752505602
5,19847,655.173913043,0.0341381748
3,10512,694.747706422,0.0707680403
2,4444,-1058.27715356,-0.1923343961
1,2154,-632.915285451,-0.2271024486
5,19190,-1.8260869565,-9.51492030121E-05
2,4490,-1012.27715356,-0.1839742211
1,3506,719.084714549,0.258021734
2,2372,-3130.27715356,-0.5689057578
3,10231,413.747706422,0.0421449601
2,5410,-92.2771535581,-0.0167707207
3,7978,-1839.25229358,-0.1873489892
1,3867,1080.08471455,0.3875556319
1,2838,51.0847145488,0.0183302
2,4695,-807.277153558,-0.1467169194
1,3339,552.084714549,0.1980988505
1,2080,-706.915285451,-0.2536551036
1,2096,-690.915285451,-0.247913989
2,6209,706.722846442,0.1284418845
5,18061,-1130.82608696,-0.0589222767
4,17123,1619.21698113,0.1044401214
1,2372,-414.915285451,-0.1488797624
2,4883,-619.277153558,-0.1125492476
1,3904,1117.08471455,0.4008319594
2,4627,-875.277153558,-0.159075439
3,7094,-2723.25229358,-0.2773945512
1,3423,636.084714549,0.2282397021
2,6674,1171.72284644,0.2129523493
4,16880,1376.21698113,0.0887665275
3,9094,-723.252293578,-0.0736715602
3,8446,-1371.25229358,-0.1396778093
3,11916,2098.74770642,0.21378158
2,4534,-968.277153558,-0.1759775319
3,9852,34.747706422,0.0035394533
2,6151,648.722846442,0.1179007942
1,2302,-484.915285451,-0.1739971387
1,2362,-424.915285451,-0.152467959
4,17861,2357.21698113,0.1520414068
5,19187,-4.8260869565,-0.0002514658
5,19717,525.173913043,0.0273644577
1,3544,757.084714549,0.2716568812
3,8500,-1317.25229358,-0.1341772885
2,4661,-841.277153558,-0.1528961792
2,4103,-1399.27715356,-0.254308737
2,4249,-1253.27715356,-0.2277742685
4,14026,-1477.78301887,-0.0953175762
2,6893,1390.72284644,0.2527540521
2,6125,622.722846442,0.1131754779
1,3669,882.084714549,0.3165093389
3,10008,190.747706422,0.0194298466
1,2387,-399.915285451,-0.1434974674
2,4639,-863.277153558,-0.1568945238
3,7898,-1919.25229358,-0.1954979088
1,2534,-252.915285451,-0.0907509772
4,13142,-2361.78301887,-0.152335918
1,1611,-1175.91528545,-0.421941525
2,5363,-139.277153558,-0.0253126387
2,5071,-431.277153558,-0.0783815758
4,13695,-1808.78301887,-0.1166672042
4,13402,-2101.78301887,-0.1355658175
1,2029,-757.915285451,-0.2719549063
2,6377,874.722846442,0.1589746976
2,5429,-73.2771535581,-0.013317605
1,2785,-1.9152854512,-0.0006872421
2,4614,-888.277153558,-0.1614380971
1,2610,-176.915285451,-0.0634806829
2,6687,1184.72284644,0.2153150075
2,4724,-778.277153558,-0.1414463743
2,6179,676.722846442,0.1229895964
2,6120,617.722846442,0.1122667632
3,10596,778.747706422,0.079324406
2,5467,-35.2771535581,-0.0064113734
1,2996,209.084714549,0.0750237065
2,9998,4495.72284644,0.8170658658
2,4078,-1424.27715356,-0.2588523104
3,10920,1102.74770642,0.1123275305
2,6232,729.722846442,0.132621972
4,13247,-2256.78301887,-0.1455633774
2,4081,-1421.27715356,-0.2583070816
2,5769,266.722846442,0.048474993
1,2394,-392.915285451,-0.1409857298
1,3904,1117.08471455,0.4008319594
4,16799,1295.21698113,0.0835419961
1,2950,163.084714549,0.0585180021
1,3629,842.084714549,0.3021565524
3,9362,-455.252293578,-0.0463726794
1,3229,442.084714549,0.1586286877
1,3578,791.084714549,0.2838567497
3,7988,-1829.25229358,-0.1863303742
2,4284,-1218.27715356,-0.2214132657
3,7553,-2264.25229358,-0.2306401247
4,17328,1824.21698113,0.1176627007
5,19701,509.173913043,0.0265307694
4,14732,-771.783018868,-0.0497803032
2,9278,3775.72284644,0.6862109525
1,1359,-1427.91528545,-0.5123640797
2,4779,-723.277153558,-0.1314505128
4,16422,918.216981132,0.0592253504
1,2996,209.084714549,0.0750237065
1,1261,-1525.91528545,-0.5475284066
1,2099,-687.915285451,-0.24683753
2,5810,307.722846442,0.0559264533
2,5647,144.722846442,0.0263023549
1,3420,633.084714549,0.2271632431
1,4400,1613.08471455,0.5788065116
1,3500,713.084714549,0.2558688161
1,2066,-720.915285451,-0.2586785789
4,17169,1665.21698113,0.1074071392
2,4162,-1340.27715356,-0.2435859038
2,9204,3701.72284644,0.6727619753
1,3294,507.084714549,0.1819519657
1,2127,-659.915285451,-0.2367905795
2,3975,-1527.27715356,-0.2775718327
3,10793,975.747706422,0.0993911206
3,10096,278.747706422,0.0283936582
1,3646,859.084714549,0.3082564867
3,7446,-2371.25229358,-0.2415393048
3,10851,1033.74770642,0.1052990873
1,2109,-677.915285451,-0.2432493334
1,3722,935.084714549,0.335526781
3,9380,-437.252293578,-0.0445391725
2,5486,-16.2771535581,-0.0029582577
1,2742,-44.9152854512,-0.0161164875
3,13757,3939.74770642,0.4013085931
2,8463,2960.72284644,0.5380904603
1,3162,375.084714549,0.1345877704
4,16598,1094.21698113,0.0705774184
2,6651,1148.72284644,0.2087722618
1,2345,-441.915285451,-0.1585678932
1,3420,633.084714549,0.2271632431
2,4373,-1129.27715356,-0.2052381445
2,4759,-743.277153558,-0.1350853715
2,5301,-201.277153558,-0.0365807007
1,3673,886.084714549,0.3179446175
2,4768,-734.277153558,-0.1334496851
1,1274,-1512.91528545,-0.542863751
2,4900,-602.277153558,-0.1094596177
3,10466,648.747706422,0.0660824116
4,17007,1503.21698113,0.0969580766
1,2909,122.084714549,0.043806396
2,5765,262.722846442,0.0477480212
2,4599,-903.277153558,-0.1641642412
1,2404,-382.915285451,-0.1373975332
1,3172,385.084714549,0.138175967
1,2033,-753.915285451,-0.2705196277
3,10209,391.747706422,0.0399040072
2,8620,3117.72284644,0.5666241012
1,2064,-722.915285451,-0.2593962182
2,4035,-1467.27715356,-0.2666672566
1,3838,1051.08471455,0.3771498617
2,4591,-911.277153558,-0.1656181846
1,2561,-225.915285451,-0.0810628463
1,1563,-1223.91528545,-0.4391648687
2,4898,-604.277153558,-0.1098231035
2,4789,-713.277153558,-0.1296330835
1,3180,393.084714549,0.1410465243
2,6549,1046.72284644,0.1902344824
2,6388,885.722846442,0.1609738699
3,11244,1426.74770642,0.145330655
4,16032,528.216981132,0.0340701995
1,2362,-424.915285451,-0.152467959
4,16328,824.216981132,0.053162314
3,8376,-1441.25229358,-0.146808114
4,16606,1102.21698113,0.0710934215
3,8606,-1211.25229358,-0.12337997
2,2272,-3230.27715356,-0.5870800513
1,2018,-768.915285451,-0.2759019226
3,7083,-2734.25229358,-0.2785150276
1,4084,1297.08471455,0.4654194985
4,14411,-1092.78301887,-0.0704849273
1,2308,-478.915285451,-0.1718442207
1,4841,2054.08471455,0.7370459824
2,4285,-1217.27715356,-0.2212315228
2,9715,4212.72284644,0.7656326152
2,4320,-1182.27715356,-0.2148705201
1,2132,-654.915285451,-0.2349964812
3,10124,306.747706422,0.0312457801
2,5473,-29.2771535581,-0.0053209158
2,5207,-295.277153558,-0.0536645366
4,16437,933.216981132,0.0601928562
1,2296,-490.915285451,-0.1761500567
2,4069,-1433.27715356,-0.2604879968
3,7441,-2376.25229358,-0.2420486122
1,2430,-356.915285451,-0.128068222
2,5878,375.722846442,0.0682849729
1,2644,-142.915285451,-0.0512808144
2,6439,936.722846442,0.1702427596
1,2451,-335.915285451,-0.1205330091
2,6392,889.722846442,0.1617008416
2,9714,4211.72284644,0.7654508722
2,6077,574.722846442,0.104451817
1,2450,-336.915285451,-0.1208918288
3,9250,-567.252293578,-0.0577811669
1,2074,-712.915285451,-0.2558080216
3,10169,351.747706422,0.0358295474
2,4855,-647.277153558,-0.1176380498
2,4087,-1415.27715356,-0.257216624
1,2367,-419.915285451,-0.1506738607
1,2972,185.084714549,0.0664120347
5,19586,394.173913043,0.0205386351
2,5484,-18.2771535581,-0.0033217435
1,2061,-725.915285451,-0.2604726772
2,9924,4421.72284644,0.8036168886
2,4198,-1304.27715356,-0.2370431582
2,6815,1312.72284644,0.2385781032
1,4723,1936.08471455,0.6947052624
2,6142,639.722846442,0.1162651078
3,8237,-1580.25229358,-0.1609668618
2,8853,3350.72284644,0.6089702051
5,19331,139.173913043,0.0072517285
1,2073,-713.915285451,-0.2561668412
2,5562,59.7228464419,0.0108542054
5,19613,421.173913043,0.021945484
2,3407,-2095.27715356,-0.3808018199
2,5063,-439.277153558,-0.0798355192
2,4639,-863.277153558,-0.1568945238
1,4876,2089.08471455,0.7496046706
1,2690,-96.9152854512,-0.0347751099
4,17567,2063.21698113,0.1330782931
1,2408,-378.915285451,-0.1359622546
1,2814,27.0847145488,0.0097185281
4,11245,-4258.78301887,-0.2746931516
1,3312,525.084714549,0.1884107197
5,19049,-142.826086957,-0.0074420269
1,2141,-645.915285451,-0.2317671042
2,5769,266.722846442,0.048474993
2,4385,-1117.27715356,-0.2030572293
2,5332,-170.277153558,-0.0309466697
2,4663,-839.277153558,-0.1525326933
2,4724,-778.277153558,-0.1414463743
1,3211,424.084714549,0.1521699338
2,5377,-125.277153558,-0.0227682376
1,4066,1279.08471455,0.4589607446
2,5208,-294.277153558,-0.0534827936
2,4877,-625.277153558,-0.1136397052
1,3117,330.084714549,0.1184408856
1,1569,-1217.91528545,-0.4370119507
5,19658,466.173913043,0.0242902323
2,3069,-2433.27715356,-0.442230932
3,10435,617.747706422,0.0629247052
2,4148,-1354.27715356,-0.2461303049
2,5768,265.722846442,0.0482932501
2,5042,-460.277153558,-0.0836521209
2,5770,267.722846442,0.0486567359
3,7756,-2061.25229358,-0.2099622412
3,10306,488.747706422,0.0497845723
1,3936,1149.08471455,0.4123141886
3,7945,-1872.25229358,-0.1907104185
2,5743,240.722846442,0.0437496767
4,15202,-301.783018868,-0.0194651214
2,5440,-62.2771535581,-0.0113184327
1,3760,973.084714549,0.3491619281
1,3517,730.084714549,0.2619687503
1,2580,-206.915285451,-0.0742452727
1,2166,-620.915285451,-0.2227966127
2,5869,366.722846442,0.0666492865
3,8008,-1809.25229358,-0.1842931443
2,5206,-296.277153558,-0.0538462795
2,5295,-207.277153558,-0.0376711583
4,16413,909.216981132,0.0586448469
3,13269,3451.74770642,0.3516001834
1,2783,-3.9152854512,-0.0014048814
2,5433,-69.2771535581,-0.0125906332
1,2013,-773.915285451,-0.2776960209
4,13966,-1537.78301887,-0.0991875994
2,4374,-1128.27715356,-0.2050564016
2,6842,1339.72284644,0.2434851624
4,17426,1922.21698113,0.1239837386
4,17603,2099.21698113,0.135400307
2,4581,-921.277153558,-0.167435614
2,4735,-767.277153558,-0.139447202
2,4187,-1315.27715356,-0.2390423304
2,5505,2.722846442,0.0004948581
2,5470,-32.2771535581,-0.0058661446
2,5476,-26.2771535581,-0.004775687
1,2587,-199.915285451,-0.0717335351
1,2440,-346.915285451,-0.1244800254
4,15972,468.216981132,0.0302001763
4,15379,-124.783018868,-0.008048553
3,7082,-2735.25229358,-0.2786168891
1,2728,-58.9152854512,-0.0211399628
2,5368,-134.277153558,-0.024403924
2,5347,-155.277153558,-0.0282205257
1,3195,408.084714549,0.1464288192
1,3989,1202.08471455,0.4313316306
1,3306,519.084714549,0.1862578017
3,7005,-2812.25229358,-0.2864602243
1,2655,-131.915285451,-0.0473337981
1,1393,-1393.91528545,-0.5001642112
1,2570,-216.915285451,-0.0778334694
1,3537,750.084714549,0.2691451435
2,3986,-1516.27715356,-0.2755726604
3,10883,1065.74770642,0.1085586552
1,2028,-758.915285451,-0.272313726
2,9525,4022.72284644,0.7311014575
1,2929,142.084714549,0.0509827892
1,2275,-511.915285451,-0.1836852696
3,7879,-1938.25229358,-0.1974332772
1,4930,2143.08471455,0.7689809323
2,7847,2344.72284644,0.4261368123
1,4401,1614.08471455,0.5791653313
3,9241,-576.252293578,-0.0586979204
1,2974,187.084714549,0.067129674
2,4502,-1000.27715356,-0.1817933059
3,10748,930.747706422,0.0948073533
1,1555,-1231.91528545,-0.442035426
4,12936,-2567.78301887,-0.1656229977
1,2305,-481.915285451,-0.1729206797
4,16704,1200.21698113,0.0774144594
1,3433,646.084714549,0.2318278987
1,3477,690.084714549,0.2476159638
2,6430,927.722846442,0.1686070731
2,6516,1013.72284644,0.1842369656
1,3907,1120.08471455,0.4019084184
2,5562,59.7228464419,0.0108542054
2,6883,1380.72284644,0.2509366228
1,2862,75.0847145488,0.0269418719
2,4978,-524.277153558,-0.0952836687
3,10368,550.747706422,0.056099985
2,6134,631.722846442,0.1148111643
2,6735,1232.72284644,0.2240386684
1,3295,508.084714549,0.1823107854
2,5238,-264.277153558,-0.0480305056
2,6472,969.722846442,0.1762402764
3,9610,-207.252293578,-0.0211110286
5,19833,641.173913043,0.0334086975
3,9756,-61.252293578,-0.0062392502
1,4968,2181.08471455,0.7826160795
1,2145,-641.915285451,-0.2303318256
1,2180,-606.915285451,-0.2177731374
2,8346,2843.72284644,0.5168265369
1,3445,658.084714549,0.2361337347
1,2760,-26.9152854512,-0.0096577336
2,6294,791.722846442,0.143890034
3,7140,-2677.25229358,-0.2727089224
1,2932,145.084714549,0.0520592482
2,5147,-355.277153558,-0.0645691127
2,4507,-995.277153558,-0.1808845912
3,8564,-1253.25229358,-0.1276581528
1,2468,-318.915285451,-0.1144330748
3,8161,-1656.25229358,-0.1687083355
1,2109,-677.915285451,-0.2432493334
2,5294,-208.277153558,-0.0378529012
1,2718,-68.9152854512,-0.0247281594
2,5811,308.722846442,0.0561081963
1,2437,-349.915285451,-0.1255564844
1,2766,-20.9152854512,-0.0075048157
5,19038,-153.826086957,-0.0080151876
2,3055,-2447.27715356,-0.4447753331
1,2289,-497.915285451,-0.1786617943
2,4001,-1501.27715356,-0.2728465164
4,12965,-2538.78301887,-0.1637524865
1,3539,752.084714549,0.2698627829
2,6029,526.722846442,0.0957281561
1,2679,-107.915285451,-0.0387221262
1,3702,915.084714549,0.3283503877
1,2398,-388.915285451,-0.1395504512
2,5468,-34.2771535581,-0.0062296305
3,13116,3298.74770642,0.3360153745
2,4189,-1313.27715356,-0.2386788446
5,19328,136.173913043,0.007095412
3,8321,-1496.25229358,-0.1524104962
1,2342,-444.915285451,-0.1596443522
2,4071,-1431.27715356,-0.2601245109
2,5813,310.722846442,0.0564716821
1,3143,356.084714549,0.1277701968
1,2044,-742.915285451,-0.2665726114
3,13464,3646.74770642,0.371463175
2,7991,2488.72284644,0.4523077949
1,3377,590.084714549,0.2117339977
2,5538,35.7228464419,0.006492375
2,5762,259.722846442,0.0472027924
1,2592,-194.915285451,-0.0699394368
2,5346,-156.277153558,-0.0284022686
2,4213,-1289.27715356,-0.2343170141
2,4127,-1375.27715356,-0.2499469066
1,2438,-348.915285451,-0.1251976647
2,6870,1367.72284644,0.2485739646
3,10447,629.747706422,0.0641470431
3,9667,-150.252293578,-0.0153049233
1,2148,-638.915285451,-0.2292553666
2,8926,3423.72284644,0.6222374393
2,6513,1010.72284644,0.1836917368
2,6799,1296.72284644,0.2356702162
4,16291,787.216981132,0.0507757997
1,2705,-81.9152854512,-0.029392815
3,10333,515.747706422,0.0525348327
2,4448,-1054.27715356,-0.1916074244
2,6854,1351.72284644,0.2456660776
3,9637,-180.252293578,-0.0183607682
1,3591,804.084714549,0.2885214053
2,5405,-97.2771535581,-0.0176794354
2,4684,-818.277153558,-0.1487160917
4,15787,283.216981132,0.0182676048
1,1514,-1272.91528545,-0.4567470321
1,2956,169.084714549,0.0606709201
1,2335,-451.915285451,-0.1621560899
2,5154,-348.277153558,-0.0632969121
2,6962,1459.72284644,0.2652943146
2,5675,172.722846442,0.0313911571
1,2379,-407.915285451,-0.1463680247
1,3812,1025.08471455,0.3678205505
2,4648,-854.277153558,-0.1552588373
1,2936,149.084714549,0.0534945268
1,2105,-681.915285451,-0.2446846121
3,8578,-1239.25229358,-0.1262320919
1,2706,-80.9152854512,-0.0290339954
2,6384,881.722846442,0.1602468981
1,3968,1181.08471455,0.4237964178
2,9907,4404.72284644,0.8005272587
4,13225,-2278.78301887,-0.1469823859
2,3540,-1962.27715356,-0.3566300095
1,2804,17.0847145488,0.0061303315
5,19392,200.173913043,0.010430165
5,19665,473.173913043,0.0246549709
1,2439,-347.915285451,-0.124838845
3,7314,-2503.25229358,-0.2549850222
1,4774,1987.08471455,0.7130050651
2,3902,-1600.27715356,-0.290839067
1,2662,-124.915285451,-0.0448220605
1,2856,69.0847145488,0.0247889539
1,1081,-1705.91528545,-0.6121159457
1,2472,-314.915285451,-0.1129977962
2,5673,170.722846442,0.0310276712
2,4197,-1305.27715356,-0.2372249011
3,9713,-104.252293578,-0.0106192945
1,2062,-724.915285451,-0.2601138575
2,4284,-1218.27715356,-0.2214132657
2,4788,-714.277153558,-0.1298148264
2,5906,403.722846442,0.0733737751
2,3886,-1616.27715356,-0.2937469539
4,16823,1319.21698113,0.0850900054
1,2933,146.084714549,0.0524180679
2,6500,997.722846442,0.1813290786
4,17174,1670.21698113,0.1077296412
2,5033,-469.277153558,-0.0852878073
1,2307,-479.915285451,-0.1722030404
1,2587,-199.915285451,-0.0717335351
2,5507,4.722846442,0.000858344
2,4393,-1109.27715356,-0.2016032858
3,13348,3530.74770642,0.3596472415
2,6583,1080.72284644,0.1964137422
2,8103,2600.72284644,0.4726630037
1,3978,1191.08471455,0.4273846144
1,2544,-242.915285451,-0.0871627806
2,5399,-103.277153558,-0.018769893
2,5487,-15.2771535581,-0.0027765147
2,6834,1331.72284644,0.2420312189
1,1091,-1695.91528545,-0.6085277491
2,5736,233.722846442,0.0424774761
1,2226,-560.915285451,-0.201267433
2,5747,244.722846442,0.0444766484
2,9854,4351.72284644,0.7908948832
2,5467,-35.2771535581,-0.0064113734
2,5380,-122.277153558,-0.0222230088
2,5151,-351.277153558,-0.0638421409
2,2133,-3369.27715356,-0.6123423193
4,17875,2371.21698113,0.1529444122
1,2432,-354.915285451,-0.1273505827
1,4771,1984.08471455,0.7119286061
5,19161,-30.8260869565,-0.0016062092
2,5087,-415.277153558,-0.0754736888
1,2863,76.0847145488,0.0273006915
2,5561,58.7228464419,0.0106724625
1,2144,-642.915285451,-0.2306906452
1,3065,278.084714549,0.0997822632
1,2810,23.0847145488,0.0082832495
3,9888,70.747706422,0.0072064672
3,8628,-1189.25229358,-0.1211390171
1,2867,80.0847145488,0.0287359702
2,5373,-129.277153558,-0.0234952093
2,6667,1164.72284644,0.2116801488
2,5003,-499.277153558,-0.0907400954
1,2367,-419.915285451,-0.1506738607
1,2858,71.0847145488,0.0255065932
2,5204,-298.277153558,-0.0542097654
2,4105,-1397.27715356,-0.2539452511
2,9679,4176.72284644,0.7590898695
2,5617,114.722846442,0.0208500668
3,10448,630.747706422,0.0642489046
2,2897,-2605.27715356,-0.4734907168
2,5968,465.722846442,0.0846418371
3,7510,-2307.25229358,-0.235020169
1,2991,204.084714549,0.0732296082
5,19636,444.173913043,0.0231439109
1,1129,-1657.91528545,-0.5948926019
4,13341,-2162.78301887,-0.1395003411
2,4332,-1170.27715356,-0.2126896048
3,11031,1213.74770642,0.1236341565
2,4440,-1062.27715356,-0.1930613679
2,4617,-885.277153558,-0.1608928683
1,2647,-139.915285451,-0.0502043554
2,6323,820.722846442,0.1491605791
2,5677,174.722846442,0.031754643
1,2187,-599.915285451,-0.2152613998
1,3748,961.084714549,0.3448560922
1,3977,1190.08471455,0.4270257947
3,8633,-1184.25229358,-0.1206297096
1,2008,-778.915285451,-0.2794901192
2,4440,-1062.27715356,-0.1930613679
1,3067,280.084714549,0.1004999025
2,5321,-181.277153558,-0.032945842
2,5410,-92.2771535581,-0.0167707207
1,2782,-4.9152854512,-0.0017637011
3,11957,2139.74770642,0.2179579013
1,2660,-126.915285451,-0.0455396998
1,3375,588.084714549,0.2110163583
2,5098,-404.277153558,-0.0734745165
2,4878,-624.277153558,-0.1134579622
1,2837,50.0847145488,0.0179713803
1,2406,-380.915285451,-0.1366798939
1,2269,-517.915285451,-0.1858381875
2,4108,-1394.27715356,-0.2534000223
3,13206,3388.74770642,0.3451829091
3,10422,604.747706422,0.0616005058
3,13744,3926.74770642,0.3999843937
2,4907,-595.277153558,-0.1081874171
1,3482,695.084714549,0.2494100621
1,2436,-350.915285451,-0.125915304
1,2380,-406.915285451,-0.1460092051
5,19431,239.173913043,0.0124622801
1,1790,-996.915285451,-0.3577128055
3,7644,-2173.25229358,-0.2213707287
2,5131,-371.277153558,-0.0674769996
2,6306,803.722846442,0.1460709492
1,4787,2000.08471455,0.7176697207
5,18880,-311.826086957,-0.0162478591
1,2339,-447.915285451,-0.1607208112
4,13570,-1933.78301887,-0.1247297525
2,6712,1209.72284644,0.2198585809
2,5406,-96.2771535581,-0.0174976925
2,8938,3435.72284644,0.6244183545
1,2439,-347.915285451,-0.124838845
3,8837,-980.252293578,-0.0998499646
2,5343,-159.277153558,-0.0289474974
2,6728,1225.72284644,0.2227664678
2,6652,1149.72284644,0.2089540047
2,4850,-652.277153558,-0.1185467644
1,2809,22.0847145488,0.0079244298
2,5689,186.722846442,0.0339355582
1,2001,-785.915285451,-0.2820018569
1,2977,190.084714549,0.068206133
2,4025,-1477.27715356,-0.2684846859
1,3785,998.084714549,0.3581324197
3,10854,1036.74770642,0.1056046718
4,12031,-3472.78301887,-0.2239958476
2,9936,4433.72284644,0.8057978038
1,2966,179.084714549,0.0642591167
2,2571,-2931.27715356,-0.5327389137
3,9991,173.747706422,0.0176982012
2,6142,639.722846442,0.1162651078
2,5390,-112.277153558,-0.0204055794
2,4404,-1098.27715356,-0.1996041135
