Attrition,JobSatisfaction,JobInvolvement,OverTime,PerformanceRating,RelationshipSatisfaction,MonthlyRate,MonthlyIncome,DistanceFromHome,MaritalStatus,PercentSalaryHike
1,4,3,1,3,1,19479,5993,1,1,11
0,2,2,0,4,4,24907,5130,8,2,23
1,3,2,1,3,2,2396,2090,2,1,15
0,3,3,1,3,3,23159,2909,3,2,11
0,2,3,0,3,4,16632,3468,2,2,12
0,4,3,0,3,3,11864,3068,2,1,13
0,1,4,1,4,1,9964,2670,3,2,20
0,3,3,0,4,2,13335,2693,24,3,22
0,3,2,0,4,2,8787,9526,23,1,21
0,3,3,0,3,2,16577,5237,27,2,13
0,2,4,0,3,3,16479,2426,16,2,13
0,3,2,1,3,4,12682,4193,15,1,12
0,3,3,0,3,4,15170,2911,26,3,17
0,4,3,0,3,3,8758,2661,19,3,11
1,3,2,1,3,2,12947,2028,24,1,14
0,1,4,0,3,3,10195,9980,21,3,11
0,2,4,1,3,4,15053,3298,5,3,12
0,4,4,1,3,2,7324,2935,16,3,13
0,4,2,0,3,3,22021,15427,2,2,16
0,4,3,1,3,3,4306,3944,2,1,11
0,3,4,0,3,4,8232,4011,11,3,18
1,1,2,0,4,2,6986,3407,9,1,23
0,2,3,0,3,3,21293,11994,7,1,11
0,4,3,0,3,4,19281,1232,15,1,14
1,1,3,0,3,3,17102,2960,6,1,11
0,3,3,0,3,4,10735,19094,5,3,11
1,1,1,1,4,2,4681,3919,16,1,22
0,2,3,0,3,4,21173,6825,8,2,11
0,4,2,0,3,4,2094,10248,7,2,14
0,1,3,0,3,4,22822,18947,2,1,12
0,4,3,0,3,4,6670,2496,2,1,11
0,4,3,1,3,4,19121,6465,10,2,13
0,3,2,0,3,1,16117,2206,9,1,13
1,4,3,0,3,3,3335,2086,5,2,14
1,4,3,1,3,1,3020,2293,1,2,16
0,3,4,0,3,4,21923,2645,2,3,12
1,3,2,1,3,3,3810,2683,3,2,14
0,4,3,0,3,1,9687,2014,2,2,13
0,1,2,1,3,4,13072,3419,5,2,14
0,1,4,0,3,1,3193,5376,1,2,19
0,4,3,0,3,3,10910,1951,4,3,12
0,1,3,0,3,4,19715,2341,2,3,13
1,3,1,0,3,3,10558,2293,25,1,12
0,3,3,0,3,4,2975,8726,8,1,15
0,4,3,0,4,4,10781,4011,1,1,23
1,3,3,0,3,4,16280,19545,12,2,12
0,3,3,0,4,3,10034,4568,23,1,20
0,2,3,0,4,1,10227,3022,19,2,21
0,4,3,1,4,3,20445,5772,5,1,21
0,4,4,0,3,4,4892,2269,8,2,19
1,3,2,1,3,4,19294,5381,1,1,13
1,3,3,1,3,3,11179,3441,5,1,13
0,1,3,1,4,3,4009,5454,1,3,21
0,1,2,1,3,3,8302,9884,11,2,13
0,4,2,1,3,3,21436,4157,23,2,19
0,4,3,1,3,3,15146,13458,1,1,12
0,1,3,0,4,4,11031,9069,18,2,22
0,1,3,1,3,3,16002,4014,23,2,15
0,4,3,0,4,4,9528,5915,7,3,22
0,3,2,0,3,3,2689,5993,1,3,18
0,4,3,1,4,2,10877,6162,1,2,22
0,4,3,0,3,4,5456,2406,29,1,11
0,3,2,1,3,4,16701,18740,7,3,12
0,1,3,0,3,4,2354,7637,25,1,11
0,3,3,0,3,2,8202,10096,8,3,13
0,3,3,1,3,3,19730,14756,8,3,14
0,2,2,0,3,3,22656,6499,11,1,13
0,1,3,0,3,3,18787,9724,7,3,17
0,1,3,0,3,4,5868,2194,1,2,13
1,3,2,1,3,1,21777,3388,9,2,17
0,3,2,0,3,4,24668,5473,1,1,11
0,2,3,0,4,4,4956,2703,2,2,23
0,2,3,0,3,2,18775,2501,1,1,17
0,2,3,0,3,2,7346,6220,1,2,17
0,4,4,0,3,2,22002,3038,6,2,12
0,4,3,0,4,4,20682,4424,8,1,23
0,1,2,0,3,2,23016,4312,1,1,14
0,1,3,1,3,2,15067,13245,6,2,14
0,3,3,0,3,1,25258,13664,7,1,13
0,2,3,1,4,4,10425,5021,5,3,22
0,4,2,1,3,3,15998,5126,1,2,12
0,3,2,0,3,1,26278,2859,1,1,18
0,4,3,0,3,4,18092,10239,1,2,14
0,4,1,1,3,4,15717,5329,6,3,12
0,2,3,0,3,3,17736,4325,1,2,15
0,4,1,0,3,1,21698,7260,7,1,11
0,1,3,0,3,3,9518,2322,2,3,13
0,4,3,0,4,2,18725,2075,9,2,23
0,4,2,0,3,1,15830,4152,2,2,19
1,4,2,0,3,4,13596,9619,9,1,16
0,2,2,0,4,4,14115,13503,1,2,22
0,4,3,1,4,4,8423,5441,21,1,22
0,2,2,1,3,2,19760,5209,4,3,12
0,1,2,1,3,3,3142,10673,1,2,13
0,3,3,0,3,1,24301,5010,6,1,16
0,3,3,0,3,1,24001,13549,2,2,12
0,3,3,0,4,1,17519,4999,3,2,21
0,3,3,0,3,2,8863,4221,4,2,15
0,3,3,0,3,3,24409,13872,10,1,13
0,2,3,0,3,3,25043,2042,23,2,12
1,1,3,1,4,4,23648,2073,6,3,22
0,1,3,0,3,4,15178,2956,1,1,13
1,4,2,1,3,2,19783,2926,6,1,18
0,3,3,0,3,3,12482,4809,6,1,14
0,4,2,0,3,4,15850,5163,2,3,14
0,4,2,0,4,4,21922,18844,2,2,21
0,2,3,1,3,1,9755,18172,1,2,19
1,3,2,1,3,4,26959,5744,5,1,11
0,4,2,0,3,3,26897,2889,7,2,11
0,4,3,0,3,3,23785,2871,15,1,15
0,1,2,0,4,3,25796,7484,1,1,20
1,3,1,1,4,4,22887,6074,7,1,24
0,4,4,1,3,3,13871,17328,26,1,12
0,3,3,0,3,3,13257,2774,18,2,12
0,2,2,0,3,3,15000,4505,6,3,15
0,4,3,0,3,1,14506,7428,3,1,12
0,1,2,0,3,4,5615,11631,5,1,12
0,4,3,0,3,3,22952,9738,11,2,14
0,4,3,0,4,1,2561,2835,3,3,22
0,4,3,1,3,4,19494,16959,26,2,12
0,3,1,0,4,3,22310,2613,23,3,25
0,2,3,0,3,1,15480,6146,22,2,13
1,2,3,1,3,1,4510,4963,14,2,18
0,3,3,0,3,3,6462,19537,6,1,13
1,3,1,1,3,2,20739,6172,6,2,18
0,2,2,0,3,3,23300,2368,6,2,19
1,4,3,0,3,4,3465,10312,23,2,12
1,3,3,1,3,4,26820,1675,22,1,19
0,4,3,0,3,3,19299,2523,2,2,14
0,1,3,0,3,3,5549,6567,20,2,14
0,3,4,0,3,4,16090,4739,28,1,12
0,4,3,0,3,4,6645,9208,12,1,11
1,3,1,1,3,3,24788,4559,20,2,11
0,3,3,1,3,3,21196,8189,9,3,13
0,3,3,0,4,4,8916,2942,25,2,23
0,2,3,0,4,4,2819,4941,6,3,20
1,4,1,0,3,4,25150,10650,8,1,15
0,3,2,0,3,3,14590,5902,4,2,14
0,3,2,0,3,4,24835,8639,28,2,18
0,4,3,1,3,4,13982,6347,9,2,19
1,1,3,0,4,1,10224,4200,9,1,22
0,4,3,0,3,2,9752,3452,29,1,13
0,3,3,1,4,2,2302,4317,3,1,20
0,3,3,0,3,3,23910,2632,18,1,14
0,4,1,0,3,4,22812,4668,9,3,17
0,1,3,0,3,4,10415,3204,5,3,14
0,4,2,0,3,4,11162,2720,2,1,13
0,1,2,0,3,2,12888,17181,10,3,13
0,1,3,0,4,4,6961,2238,9,2,21
0,2,3,0,3,4,16102,1483,3,1,14
0,2,3,0,3,1,8504,5605,26,3,11
0,2,3,0,3,1,11439,7295,1,2,13
0,3,3,1,4,4,16047,2306,6,2,20
0,2,3,0,3,3,10901,2348,9,3,18
0,4,3,0,3,4,15589,8998,8,1,14
0,3,3,0,3,1,26283,4319,1,2,13
0,3,2,0,3,3,13983,6132,7,2,17
0,2,2,1,4,2,11873,3346,9,2,20
0,4,2,0,3,1,8552,10855,4,2,11
0,3,3,0,3,4,11314,2231,2,2,18
0,4,3,0,4,1,11992,2323,19,2,24
0,2,3,0,3,4,5970,2024,9,3,18
0,4,3,0,3,3,6672,2713,21,2,11
0,4,4,1,3,2,23402,9439,24,3,16
0,3,2,1,3,4,25326,2566,3,3,15
0,2,3,0,3,2,17053,19926,11,1,15
0,3,3,0,3,1,4609,2451,14,3,12
0,4,3,0,3,3,8053,9419,5,2,12
0,4,2,0,4,3,12930,8686,1,1,22
0,3,3,0,4,1,12430,3038,6,1,20
0,2,3,1,3,4,13364,3058,17,2,16
1,1,1,0,4,1,20989,2325,1,1,21
0,2,3,0,3,3,15062,2088,3,1,12
0,1,3,0,3,3,11012,3072,9,3,11
0,1,3,1,3,1,6319,5006,4,3,11
0,1,3,1,3,3,13939,4257,8,3,18
0,4,3,0,3,1,10515,2500,2,1,14
1,4,2,0,4,3,9241,1102,2,1,22
0,1,3,0,4,3,2137,10453,1,3,25
0,4,3,0,3,3,6319,2288,9,1,12
0,4,3,1,4,3,6984,3929,12,2,23
0,2,3,0,3,4,5711,2311,27,1,15
1,2,3,1,4,4,21728,3140,20,1,22
0,3,2,0,3,4,3425,3690,1,2,15
0,1,4,0,3,3,26250,4450,13,3,11
0,2,3,0,3,4,4673,2756,14,2,13
0,3,3,0,3,2,6499,19033,4,2,14
0,2,4,0,3,4,13339,18722,14,1,11
0,3,2,0,3,3,14074,9547,2,2,17
0,2,3,0,3,3,7192,13734,3,1,18
0,3,2,0,3,1,5678,19999,1,2,14
0,2,3,0,3,4,11781,2279,9,1,16
1,3,2,1,3,1,15497,5916,23,2,13
0,4,4,0,3,4,5228,2089,7,3,14
0,4,2,0,4,4,20462,16792,2,2,23
0,1,4,1,3,1,22977,3564,21,2,12
0,2,3,0,3,4,15986,4425,2,1,11
0,3,3,0,3,2,16439,5265,21,3,16
0,3,3,0,3,2,7259,6553,2,2,14
0,4,3,0,3,1,4185,6261,29,2,18
0,1,2,0,3,3,9679,4298,1,2,19
0,4,3,1,3,1,23793,6804,18,3,15
0,3,3,1,3,4,5972,3815,10,3,17
0,4,3,1,3,3,16523,2741,19,2,15
1,1,3,1,3,2,11354,6673,29,2,19
1,4,3,0,4,4,24525,7639,27,2,22
0,2,4,1,3,1,12392,2328,5,3,16
0,4,3,0,3,1,7703,2153,18,1,13
0,4,2,0,3,4,14242,4876,9,2,14
0,1,3,0,3,3,12368,9396,1,3,16
1,4,1,0,3,3,25812,10400,4,2,11
0,3,2,0,4,3,20925,8474,1,1,22
0,3,3,0,3,4,12916,9981,20,1,14
0,2,2,0,3,4,15736,12490,8,2,16
1,1,3,1,3,3,8556,2657,3,1,11
0,4,3,1,3,3,14674,13591,6,1,18
1,1,2,0,3,3,22967,6696,26,1,15
1,3,3,0,3,4,19757,2058,1,1,14
0,4,2,0,3,4,16840,8865,6,1,12
0,1,3,0,3,4,17011,5940,3,2,14
0,2,3,0,3,4,9945,5914,5,1,16
0,2,2,0,4,4,13248,2622,4,2,21
0,4,3,1,3,3,10056,12185,11,3,14
0,3,3,0,3,3,9647,10609,3,3,12
0,3,1,0,3,4,4381,4345,1,2,12
0,4,2,0,3,1,8456,2177,3,2,17
0,4,3,0,3,3,2539,2793,4,3,17
0,4,3,0,3,4,6599,7918,1,2,14
0,3,3,0,3,1,9096,8789,1,1,14
1,4,2,1,3,3,14961,2389,18,1,13
0,4,2,0,3,2,3300,3212,2,1,15
0,4,3,0,3,4,4933,19232,4,2,11
0,3,3,0,3,4,25657,2267,6,2,17
0,4,3,0,3,3,24118,19517,1,3,11
1,4,3,1,3,3,22149,2436,14,2,13
0,4,3,1,4,3,7744,16064,16,2,22
1,1,3,0,4,1,21509,2707,2,2,20
0,3,2,1,3,4,21030,19068,2,1,18
0,2,3,0,3,1,20990,3931,4,2,11
1,3,2,1,3,4,9571,3730,1,1,14
0,3,3,0,3,3,15417,2232,1,3,14
0,4,3,0,3,1,12069,4465,26,2,18
0,1,3,0,3,1,19877,3072,19,3,16
0,4,3,0,3,1,24447,3319,24,3,17
0,4,4,0,3,3,15970,19202,1,2,11
0,3,3,0,3,1,13523,13675,3,3,12
0,4,2,0,3,3,14776,2911,5,2,13
0,1,2,0,3,2,23687,5957,2,2,13
0,1,2,0,3,1,18697,3920,1,2,14
0,3,4,0,3,4,5118,6434,7,2,17
1,3,3,0,3,2,22573,10048,10,3,11
0,3,3,0,4,4,6420,10938,2,1,25
0,4,3,0,3,1,22673,2340,15,1,19
0,1,4,1,3,3,23016,6545,17,1,13
0,4,3,0,3,4,10732,6931,20,3,14
0,3,3,0,3,4,7505,4898,1,2,12
0,1,2,1,3,3,8007,2593,2,3,11
0,3,3,0,3,4,5949,19436,2,3,19
0,4,3,0,3,2,23231,2723,1,2,11
1,2,2,0,3,2,11652,3479,29,1,11
0,2,4,0,4,3,26062,2794,7,2,20
0,4,2,0,3,4,19682,5249,2,2,18
0,1,2,0,3,4,19737,2176,2,1,13
0,2,1,1,3,2,14977,16872,2,2,12
1,3,3,0,3,3,14935,3485,2,1,11
0,2,2,0,3,2,3687,6644,2,2,19
0,4,2,0,4,2,14408,5582,23,2,21
0,1,4,0,3,4,18384,4000,5,3,12
0,4,3,1,3,2,7501,13496,20,2,14
0,4,3,0,3,3,20251,3210,6,2,11
0,1,3,1,3,3,18938,19045,1,1,14
1,2,3,1,3,4,10268,11849,29,2,12
0,4,3,0,4,4,2613,2070,9,2,23
0,4,3,0,3,2,22825,6502,6,2,14
0,3,2,0,3,1,10531,3230,3,1,17
0,4,3,1,3,1,11677,13603,1,3,18
0,2,4,0,3,2,19100,11996,22,3,18
0,1,4,1,4,3,19191,5605,7,3,24
0,2,3,0,4,1,26767,6397,1,3,20
0,2,3,0,3,1,15815,19144,4,3,14
0,3,3,1,3,4,21016,17584,3,2,16
0,3,3,0,4,3,24532,4907,1,2,25
0,4,3,0,3,1,20260,4554,2,1,18
0,4,3,1,3,4,15972,5415,20,2,19
0,1,3,1,3,3,22722,4741,11,2,13
0,4,3,0,3,2,15881,2115,1,1,12
1,3,3,1,4,4,19920,3161,24,3,22
0,4,3,0,3,2,18899,5745,23,3,14
1,2,3,1,3,4,14180,2373,16,3,13
0,4,3,0,4,4,4488,3310,8,1,21
0,1,3,1,3,4,25594,18665,10,1,11
0,2,3,0,3,4,26285,4485,3,1,12
0,2,3,0,3,3,3909,2789,5,3,11
1,4,2,1,3,2,8450,5828,4,1,12
0,4,3,1,3,3,11411,2326,9,2,12
0,2,3,0,3,4,14864,13525,26,2,14
1,3,3,0,3,3,25233,1420,3,1,13
0,2,3,0,3,3,5100,8020,16,2,15
0,4,4,0,3,4,7122,3688,18,2,18
0,2,1,0,3,4,16321,5482,2,3,18
0,2,3,0,3,2,15896,16015,2,1,19
0,3,2,0,3,1,9724,1200,10,1,12
0,1,4,0,3,3,4824,5661,16,1,19
0,4,4,0,3,2,12241,6929,7,2,11
0,4,4,0,3,1,10942,9613,1,3,17
0,2,3,0,3,3,6927,5674,24,2,15
0,3,2,0,3,3,16985,5484,7,2,14
0,2,2,0,3,3,26707,12061,25,2,17
0,3,1,1,3,4,17056,5660,1,3,13
0,4,3,1,3,3,10077,4821,5,2,12
0,1,2,0,3,4,17822,6410,2,2,12
0,1,3,0,3,1,20308,5210,7,3,18
0,4,3,1,3,2,7747,2695,2,3,18
0,2,3,0,3,2,23364,11878,5,2,11
0,1,3,1,3,4,5355,17068,10,2,14
0,4,3,0,3,1,10675,2455,10,1,19
0,3,2,1,3,4,17810,13964,1,1,12
1,2,2,0,3,1,17747,4941,8,2,15
0,2,3,1,3,2,20938,2478,5,1,12
0,2,2,1,3,4,24624,5228,8,2,11
0,3,3,1,3,1,5242,4478,2,1,11
0,4,3,0,3,4,7143,7547,7,3,12
0,4,4,0,3,3,10557,5055,2,1,16
1,4,1,1,3,4,24737,3464,2,2,13
0,4,3,0,3,4,11934,5775,28,2,13
0,3,2,0,4,1,14034,8943,7,2,24
0,4,2,0,3,1,21141,19272,7,2,15
1,3,3,1,3,1,17778,5238,3,2,18
0,4,2,0,3,3,4317,4682,10,1,14
0,3,3,0,3,2,16375,18300,5,2,11
0,3,2,0,3,2,6227,5257,10,3,11
0,2,3,1,3,4,22107,6349,1,2,13
0,3,3,0,3,4,16885,4869,20,1,12
0,1,3,0,3,1,9262,9985,7,2,16
0,4,3,0,3,1,9278,3697,8,2,14
0,4,1,1,4,3,13273,7457,1,2,22
1,1,1,1,3,4,4759,2119,8,2,11
0,4,2,0,3,3,7621,3983,9,1,17
0,3,2,0,3,3,5431,6118,5,3,13
0,2,3,0,3,1,3415,6214,8,2,18
0,4,3,0,3,3,23177,6347,5,3,16
0,4,2,1,3,2,15682,11510,15,3,14
0,4,3,1,3,3,25713,7143,7,1,14
0,2,2,1,3,1,11866,8268,10,3,14
0,2,3,0,3,4,18264,8095,5,1,13
0,4,3,0,3,3,16092,2904,26,3,12
0,2,2,1,3,4,10110,6032,6,1,15
0,3,3,0,3,1,25751,2976,4,1,19
0,4,3,0,3,2,15901,15992,23,1,14
0,3,3,0,3,1,16928,4649,2,2,14
0,3,3,1,3,3,24017,2696,2,3,11
0,2,3,0,3,3,3956,2370,2,2,13
0,3,3,0,4,2,23978,12504,29,2,21
0,1,4,1,3,1,17001,5974,6,3,13
0,3,3,1,3,2,6069,4736,25,2,12
0,3,3,0,3,2,20156,5296,1,2,17
0,4,2,0,4,2,17078,6781,2,1,23
1,2,2,1,3,3,9150,2174,1,1,11
0,4,3,0,3,2,15276,6653,1,1,15
0,4,2,0,3,1,7246,9699,3,2,11
0,3,3,0,3,3,2967,6755,1,2,11
0,3,4,1,3,3,22495,2213,10,2,13
0,4,3,0,4,3,2851,2610,9,1,24
1,3,3,1,3,2,9150,2851,5,1,13
0,1,3,0,4,2,17663,3452,10,2,20
0,3,3,0,3,3,16044,5258,7,2,14
1,2,3,0,3,3,9558,9355,4,1,18
0,4,2,0,3,4,2755,10496,10,1,15
1,3,2,1,3,1,6110,6380,22,2,12
0,2,2,1,3,4,7551,2657,9,1,16
1,2,4,0,3,4,25422,2716,12,1,15
0,4,3,0,3,4,18168,2201,23,1,16
0,2,2,0,3,3,19394,6540,9,1,19
0,2,3,0,3,2,17881,3816,1,3,11
0,4,3,0,3,4,20750,5253,9,1,16
0,3,2,0,4,3,12066,10965,7,1,24
0,4,3,0,3,3,14862,4936,14,2,11
0,3,3,0,3,2,11868,2543,2,2,13
1,4,4,1,3,2,4652,5304,19,1,13
0,4,3,1,3,3,23258,16659,2,1,13
0,3,3,1,3,4,5915,4260,10,3,12
0,2,3,0,3,1,17434,2476,2,2,18
1,1,3,0,4,3,6582,3102,3,1,22
0,2,3,0,3,4,24440,2244,11,2,13
0,3,2,0,3,2,3809,7596,2,2,13
1,4,3,1,4,3,3427,2285,4,1,23
0,1,3,0,3,3,26914,3034,14,3,12
0,2,3,0,3,3,22553,5715,2,3,12
0,1,3,0,3,2,20490,2576,1,3,16
0,2,3,1,3,4,21123,4197,10,1,12
0,2,2,0,3,3,4345,14336,12,3,11
0,3,2,0,4,2,13436,3448,2,2,22
0,1,3,0,3,3,8509,19406,5,2,11
0,3,3,0,3,1,12740,6538,4,2,15
0,1,3,0,3,2,4156,4306,7,2,12
0,4,3,0,4,1,15238,2258,21,2,20
0,3,3,1,3,4,2227,4522,8,3,14
0,4,2,1,3,2,12090,4487,4,1,11
0,3,3,1,3,1,23866,4449,25,2,15
0,1,2,0,3,3,16193,2218,1,2,12
0,3,3,1,3,3,8213,19197,1,3,14
0,1,4,0,3,4,18256,13212,6,2,11
0,3,3,0,3,2,19558,6577,12,1,11
0,1,4,0,3,3,19566,8392,1,2,16
0,1,3,0,3,4,13535,4558,17,3,12
1,1,3,0,3,3,9396,4031,3,2,13
0,3,2,1,3,3,19609,7969,3,2,14
0,4,3,0,4,4,9655,2654,10,2,21
0,4,3,0,3,4,10310,16555,4,2,13
0,3,3,0,3,2,12932,4556,29,3,11
0,4,1,0,4,3,24793,6091,2,1,20
0,1,3,0,3,4,3854,19566,7,2,11
0,3,3,0,3,3,26314,4810,18,3,14
0,4,2,0,3,4,4386,4523,28,2,11
1,2,3,1,3,2,21972,3202,1,1,16
1,3,1,0,3,4,12253,2351,6,3,16
0,4,3,1,4,3,12106,1702,2,2,23
0,3,3,0,3,4,13022,18041,2,2,14
0,4,3,0,4,2,3032,2886,23,3,22
0,4,3,0,3,3,16734,2097,3,2,15
0,3,2,0,3,3,21526,11935,3,2,18
1,2,2,0,3,2,18300,2546,25,2,16
1,4,2,0,3,3,18437,2564,2,1,12
0,1,3,0,3,3,2890,8412,22,2,11
0,4,2,0,3,3,22102,14118,29,3,12
0,3,2,0,3,2,9314,17046,29,2,15
0,4,3,0,3,3,7181,2564,2,1,14
0,1,2,0,3,4,2845,10266,28,2,19
0,4,3,0,3,3,7389,5070,2,3,13
0,3,3,0,3,3,2288,17861,2,2,13
0,3,1,0,3,3,19225,4230,22,1,15
0,3,3,0,3,3,23428,3780,8,1,11
0,3,2,0,3,3,8416,2768,2,3,12
0,4,2,1,3,3,11563,9071,10,2,19
0,2,3,0,4,4,14394,10648,9,3,25
1,3,3,1,3,4,24619,13610,15,2,12
1,4,1,0,3,1,6705,3408,10,3,13
0,2,3,0,3,1,18398,2983,7,1,14
0,3,3,1,3,3,14295,7632,16,2,12
1,3,3,0,3,1,22908,9824,20,2,12
1,1,3,1,3,3,11533,9950,23,3,15
0,3,3,0,3,4,9260,2093,5,2,17
0,4,3,0,3,4,15318,9980,10,1,14
1,3,2,0,3,3,9129,3894,4,1,16
0,4,3,0,3,1,19658,4051,2,2,14
0,2,3,0,4,4,9873,16835,18,1,23
0,4,3,0,3,4,13430,6230,10,1,14
0,3,3,0,3,3,18659,4717,1,2,11
0,3,3,0,3,3,20364,13237,6,1,15
0,3,3,0,3,1,17872,3755,8,2,11
0,4,3,1,3,3,8346,6582,2,1,13
0,1,3,1,4,4,6950,7406,24,2,21
0,2,3,0,3,2,16177,4805,2,2,19
1,3,3,1,3,2,22808,2741,17,3,11
0,4,3,0,3,2,22645,4262,19,3,12
0,3,4,0,3,3,22578,16184,1,3,19
0,4,2,0,4,3,25291,11557,7,3,21
1,2,3,1,3,4,8059,1878,5,1,14
0,1,1,0,3,3,11373,10932,28,3,15
0,3,2,1,3,1,2112,6811,2,1,17
0,3,3,0,3,1,4267,4306,29,3,12
0,3,3,0,3,4,6698,4859,1,1,16
0,4,4,0,3,4,19921,5337,21,1,12
1,4,1,1,3,2,23213,2340,24,1,18
0,4,3,0,3,4,23848,7491,1,1,17
0,3,3,0,3,4,8984,10527,18,2,11
0,1,3,0,3,2,5626,16595,2,2,16
0,2,3,0,3,4,24666,8834,9,3,13
0,1,3,1,3,2,22087,5577,6,3,12
1,3,4,0,3,4,23914,4707,11,2,12
0,4,3,0,3,3,5530,2400,24,2,13
0,3,3,0,3,3,22174,9824,10,2,19
0,2,3,0,3,2,15701,6447,1,2,12
0,3,2,1,3,3,2125,19502,18,3,17
0,4,4,1,3,2,21630,2725,23,2,11
0,2,3,0,4,4,7428,6272,28,2,20
0,2,2,0,4,4,9100,2127,17,2,21
0,2,3,0,3,3,7999,18200,3,2,11
0,3,3,0,3,3,26376,2096,13,2,11
1,3,3,1,3,4,14168,2886,7,2,16
1,1,2,0,3,3,14470,2033,12,2,18
0,4,2,1,3,4,22794,3622,1,2,13
1,1,3,0,3,3,11512,4233,13,3,17
0,4,2,0,3,4,14004,3681,25,1,14
0,4,4,0,4,4,6219,5460,6,3,22
0,3,2,0,3,3,5013,2187,6,3,12
0,3,3,1,3,3,3010,9602,2,2,11
0,2,2,0,3,4,11757,2836,1,1,13
0,4,3,0,3,2,5718,4089,2,2,13
0,4,2,1,3,3,2671,16627,6,3,14
0,1,3,0,3,4,14561,2619,1,1,17
0,3,3,1,3,2,19627,5679,9,3,13
0,1,2,0,3,1,17997,15402,1,2,11
0,3,2,0,3,2,26894,5985,1,1,11
0,3,3,1,3,4,2912,2579,14,3,18
1,1,3,0,3,2,16346,3041,2,3,11
0,3,3,0,3,3,24444,3447,22,1,11
0,4,3,1,3,1,9358,19513,3,2,12
0,3,3,0,4,4,12145,2773,6,2,20
0,3,3,0,3,4,20431,7104,8,3,12
0,4,3,1,3,4,18089,6322,9,2,12
0,3,3,0,4,3,22653,2083,3,3,20
0,1,3,0,4,4,7507,8381,1,1,20
0,4,3,0,3,4,7660,2691,1,2,12
1,1,3,0,3,4,5630,4286,26,2,14
0,4,3,1,3,3,17759,2659,6,2,13
0,3,3,0,3,3,9606,9434,3,2,15
0,3,3,0,3,1,3487,5561,3,2,14
0,4,1,0,3,2,19368,6646,6,1,13
0,4,3,0,4,3,5335,7725,6,3,23
0,2,3,0,3,3,6729,10725,19,2,15
0,2,2,1,3,3,13934,8847,9,3,11
0,4,2,0,3,4,15174,2045,3,1,13
1,3,3,1,3,4,26999,1009,10,1,11
1,1,3,1,3,1,3164,3348,3,1,11
0,3,2,0,3,3,16900,1281,3,2,18
0,1,4,0,3,1,8544,2819,4,2,16
0,2,4,0,4,3,15678,4851,8,2,22
0,4,2,0,4,1,7791,4028,7,1,20
0,4,1,0,3,4,18959,2720,1,3,18
0,2,4,0,3,4,18597,8120,2,2,12
0,4,4,1,4,2,16673,4647,3,3,20
0,4,4,0,3,1,15232,4680,10,1,17
0,3,4,1,3,3,3297,3221,28,2,11
0,2,2,0,3,2,17654,8621,9,1,14
1,3,3,0,3,1,24785,4577,3,1,14
0,3,2,0,3,1,20978,4553,2,1,11
0,4,3,0,3,4,21703,5396,10,1,12
1,3,3,1,3,1,23452,6796,8,2,14
0,4,4,0,3,3,19383,7625,1,1,13
0,1,3,0,3,4,6009,7412,1,2,11
0,4,3,0,3,4,19373,11159,3,1,15
0,1,3,0,3,4,11825,4960,14,1,12
0,1,2,1,4,3,23772,10475,5,2,21
0,3,4,0,3,3,13514,14814,7,2,19
0,4,2,0,3,2,8861,19141,10,3,15
0,1,3,0,3,4,11924,5405,16,1,14
0,1,3,0,4,3,4809,8793,10,3,21
0,3,2,0,3,2,19562,19189,1,2,12
0,2,3,0,3,4,9983,3875,8,2,15
1,2,1,1,3,4,3872,2216,1,1,13
0,1,4,0,3,1,20335,11713,8,2,14
0,3,3,1,3,4,15397,7861,1,1,14
0,3,1,0,3,3,2104,3708,24,1,14
0,3,3,1,3,4,10225,13770,3,3,12
0,4,3,0,4,4,25275,5304,27,3,23
0,3,3,0,3,3,2755,2642,10,1,11
1,3,4,1,3,4,20366,2759,19,3,12
0,4,2,0,3,3,23683,6804,15,2,18
0,3,3,0,3,4,7360,6142,8,1,11
0,1,3,0,3,4,4344,2500,9,2,14
0,2,4,0,3,3,18767,6389,3,2,15
0,4,3,0,3,3,20420,11103,9,2,11
0,4,2,1,4,4,22929,2342,2,1,20
0,1,2,0,3,1,23398,6811,7,1,19
0,2,3,0,3,4,17967,2297,10,3,14
0,4,3,0,3,4,10919,2450,6,1,17
0,1,3,0,3,1,4761,5093,2,3,11
0,4,3,0,3,4,21146,5309,24,2,15
0,3,3,1,3,2,20471,3057,2,2,13
0,1,3,0,3,3,4187,5121,8,3,14
0,1,2,0,3,1,10084,16856,3,2,11
1,4,3,1,3,3,5207,2686,1,1,13
0,4,3,0,4,2,22807,6180,26,1,23
0,3,1,0,3,1,12388,6632,2,1,13
0,3,4,0,3,4,19630,3505,10,1,18
1,3,4,1,3,4,10339,6397,27,1,12
0,4,3,0,4,3,18686,6274,2,1,22
1,1,3,1,3,4,21199,19859,2,2,13
0,1,2,0,3,2,14229,7587,8,1,15
0,4,3,0,3,1,26589,4258,19,2,18
0,4,1,0,3,1,5288,4364,1,3,14
0,3,3,0,3,1,25549,4335,27,2,12
1,1,2,0,3,3,3064,5326,8,1,17
0,4,4,0,3,3,13551,3280,1,1,16
0,1,3,1,3,2,22670,5485,19,3,11
0,4,3,0,3,2,24008,4342,8,2,19
0,1,3,1,3,2,19905,2782,10,3,13
0,1,4,1,3,4,26085,5980,2,1,12
0,1,2,0,3,3,7530,4381,2,1,11
0,4,3,0,3,2,20317,2572,8,2,16
0,3,1,0,4,3,24375,3833,1,2,21
0,2,4,0,4,4,9931,4244,2,2,24
0,1,3,0,3,2,13305,6500,8,2,17
0,4,3,0,3,2,16225,18430,8,3,13
1,1,4,1,4,3,3445,1601,6,2,21
0,2,2,0,3,3,26551,2694,9,3,11
0,3,3,0,4,2,21821,3149,11,2,20
0,3,3,0,3,4,6881,17639,2,2,16
1,1,2,1,3,4,6689,2319,1,2,11
0,3,3,0,3,4,25995,11691,7,2,11
1,1,3,0,3,3,26507,5324,16,1,15
0,4,3,1,3,3,12982,16752,2,2,11
0,2,3,0,3,1,23361,5228,1,2,15
0,3,4,0,4,3,23779,2700,23,2,24
1,2,3,1,3,4,25761,19246,2,1,12
0,3,4,0,3,3,13301,2506,1,1,13
0,4,2,1,3,4,4051,6062,1,2,13
1,3,3,0,3,4,16374,4382,2,1,17
0,2,3,0,3,2,25527,2143,13,2,13
0,3,2,0,3,3,19124,6162,4,2,12
0,3,2,0,3,4,11983,5094,16,1,14
0,4,2,1,4,2,20234,6877,2,1,24
0,3,2,0,3,4,6153,2274,2,1,14
0,2,3,0,3,4,11806,4434,29,2,13
0,1,2,0,3,3,4284,6288,12,3,15
0,4,2,0,3,3,8306,2553,16,1,16
1,4,3,0,3,1,5860,7654,11,2,18
1,4,3,0,3,3,21519,5160,2,1,16
0,1,3,0,4,3,5200,17159,14,2,24
0,4,2,1,3,2,8842,12808,5,3,16
0,3,3,0,4,2,18869,10221,7,1,21
0,2,3,1,4,1,3698,4779,2,2,20
0,4,3,0,3,3,2243,3737,3,2,19
1,3,2,1,3,1,20898,2366,5,2,14
0,4,3,0,3,3,16571,1706,3,2,11
0,3,3,0,3,3,5594,16307,26,2,14
0,2,3,0,3,4,5197,5933,4,1,12
0,1,4,0,3,3,21632,3424,2,1,13
0,1,4,0,4,1,21816,4037,1,3,22
0,1,2,0,3,4,17852,2559,27,1,11
0,4,3,1,3,4,2823,6201,1,2,14
0,4,3,0,3,3,9250,4403,13,3,11
0,4,2,0,3,2,2373,3761,5,3,12
0,4,2,1,3,4,20715,10934,7,2,18
0,1,3,1,3,3,19239,10761,9,3,12
0,3,4,0,3,3,22162,5175,8,2,12
0,4,2,0,4,3,19028,13826,25,2,22
0,3,2,0,3,4,24558,6334,16,3,19
0,4,2,0,3,4,23965,4936,8,3,13
0,4,2,0,4,1,19146,4775,1,2,22
0,4,4,1,4,3,5044,2818,8,2,24
0,4,3,1,3,4,9068,2515,2,1,14
0,1,2,0,4,3,8635,2342,8,2,21
0,1,3,1,3,4,14363,4194,3,2,18
0,3,2,1,4,2,23457,10685,9,2,20
1,2,3,1,3,1,16612,2022,25,3,19
0,4,3,0,3,2,9148,2314,1,3,12
0,1,2,0,3,1,18154,4256,4,2,12
0,1,3,0,3,2,10554,3580,1,2,16
0,4,2,0,3,4,10778,3162,4,2,17
0,2,3,0,3,4,8891,6524,5,2,14
0,2,2,0,3,4,12102,2899,9,2,19
0,4,4,1,3,2,23726,5231,3,2,13
0,4,3,1,3,2,14871,2356,11,2,19
1,3,2,1,3,3,23522,2800,1,3,19
0,4,3,0,3,3,22789,11836,8,2,14
0,2,2,0,3,1,9129,10903,25,2,16
0,4,3,0,3,2,21222,2973,21,2,15
0,4,3,0,3,3,20206,14275,23,1,18
0,4,3,0,3,2,21782,5562,1,2,13
0,4,3,1,4,1,17783,4537,2,2,22
0,2,3,1,3,4,4814,7642,19,1,13
0,1,3,0,3,4,4544,17924,2,3,11
0,4,2,0,3,3,7790,5204,2,2,11
0,2,3,1,3,3,22650,2277,3,3,11
1,4,3,1,4,3,18016,2795,25,1,24
0,4,2,0,3,3,6054,2532,7,3,14
0,1,3,1,3,4,7508,2559,9,2,13
0,4,3,0,3,2,24252,4908,5,1,14
1,4,2,1,3,4,13384,2380,2,3,14
0,2,3,0,4,3,23814,4765,8,3,21
1,3,2,0,3,4,22052,2044,2,1,13
1,4,3,0,3,1,8870,2693,18,1,19
0,4,3,1,3,1,4821,6586,14,2,17
0,4,2,1,3,1,13137,3294,2,1,18
1,3,3,1,3,1,10022,4171,3,2,19
1,4,1,1,3,3,17725,2778,2,3,13
0,3,3,0,3,2,9834,2377,9,3,18
1,1,3,1,4,4,4303,2404,6,2,21
0,3,3,0,3,3,17808,2318,4,1,19
0,2,3,0,3,2,6896,2008,10,3,14
0,3,2,0,3,1,7824,6244,14,1,17
0,1,2,1,3,2,3339,2799,1,1,11
0,2,2,1,3,4,9255,10552,5,3,13
0,3,2,0,3,2,11737,2329,7,2,15
0,4,3,1,4,4,19170,4014,21,2,25
0,2,3,0,3,3,22477,7403,8,2,11
0,3,3,0,3,1,5543,2259,20,2,17
0,3,3,0,3,4,24406,6932,20,2,13
0,4,3,0,3,3,23293,4678,7,1,18
0,1,3,0,3,2,16292,13582,1,2,13
0,2,2,0,4,3,3974,2332,1,2,20
1,2,2,1,3,3,18798,2413,19,2,18
0,2,2,0,3,2,20652,9705,10,3,12
0,1,2,0,3,2,11148,4294,1,1,12
0,1,3,1,3,3,3119,4721,6,1,13
0,3,3,0,4,3,12287,2519,2,1,21
1,2,2,1,3,2,9947,2121,21,1,13
1,1,3,0,3,2,13008,2973,4,1,19
0,4,3,1,3,3,17369,5855,12,2,11
0,2,3,1,3,4,25063,3617,9,3,14
0,1,3,0,3,3,13554,6725,3,2,12
1,4,2,1,3,1,5518,10325,3,2,11
0,4,2,0,3,1,12291,6949,1,1,14
1,3,2,0,3,3,14922,10609,1,2,11
0,2,3,0,3,2,23163,4447,4,2,12
0,4,3,0,3,2,18203,2157,20,2,15
0,3,3,0,3,2,6179,4601,18,2,16
0,4,3,0,3,2,13829,17099,1,2,15
1,3,3,0,4,1,26227,2479,2,1,24
0,3,3,0,3,3,13938,14852,2,3,13
0,3,3,0,3,1,9977,7264,8,3,11
0,4,3,1,3,2,19899,5666,10,1,13
0,4,3,0,3,2,6812,7823,3,3,13
0,3,4,0,3,4,2560,7880,2,1,18
1,2,4,1,3,4,17071,13194,24,1,16
0,3,4,1,3,3,6759,5067,16,3,19
0,4,3,0,3,4,25952,5079,8,3,13
1,1,2,1,4,1,10322,2321,9,1,22
0,3,3,0,3,4,20489,17444,17,1,11
1,1,2,1,4,3,11479,2404,10,1,20
0,4,3,0,3,1,17241,3452,13,1,18
0,4,3,0,3,4,11005,2270,1,3,14
0,4,3,0,4,3,6615,17399,1,3,22
0,2,4,1,3,1,20161,5488,1,2,13
0,3,3,0,3,2,3735,19419,9,3,17
0,2,3,0,3,2,12086,2811,16,2,14
0,1,3,1,3,3,14039,3633,23,2,15
0,4,3,1,3,3,8571,4163,4,1,17
1,3,3,1,3,2,11539,2132,22,2,11
0,3,3,1,3,4,4161,13973,24,2,18
0,3,3,0,3,2,12127,2684,10,2,17
0,3,3,0,3,2,24208,10845,7,3,13
0,3,2,0,3,2,24117,4377,17,3,15
1,2,2,1,4,4,10074,3743,14,3,24
0,1,3,0,3,3,11275,4148,1,2,12
0,4,3,0,3,4,13493,1051,5,1,15
0,3,3,0,3,3,13943,10739,17,2,11
0,3,3,1,3,3,6975,10388,25,3,11
0,1,4,1,3,3,17802,11416,8,2,12
1,1,2,1,3,1,18275,2600,11,1,15
1,2,3,0,3,1,25725,2422,5,1,17
0,4,4,0,3,2,3334,5472,2,2,12
0,1,1,0,3,1,6881,2451,8,2,15
0,3,2,0,3,4,13119,4240,6,1,13
0,3,2,0,3,2,22245,10999,4,1,14
0,3,3,0,3,2,23371,5003,7,1,14
0,4,2,0,3,3,7060,12742,1,2,16
0,4,3,0,3,2,4658,4227,2,2,18
0,4,3,0,4,1,9541,3917,10,3,20
0,3,3,0,3,2,7770,18303,5,2,13
0,4,3,0,3,2,20165,2380,9,2,18
0,4,2,1,3,1,21829,13726,2,1,13
1,2,1,0,3,1,14382,4777,11,2,15
0,2,3,1,3,4,12992,6385,18,2,14
0,3,1,0,4,2,20284,19973,7,3,22
0,4,3,1,3,3,4981,6861,3,1,12
1,1,1,0,3,4,21813,4969,29,1,18
1,4,1,0,3,4,25846,19845,2,2,15
0,4,4,1,3,3,11737,13320,28,2,18
0,3,3,0,3,1,24920,6347,1,2,12
1,1,4,0,3,3,8269,2743,16,1,16
0,1,3,1,3,3,5083,10880,22,1,13
0,4,2,0,3,4,21437,2342,8,1,19
0,4,3,0,3,2,5404,17650,11,2,13
0,3,3,0,3,2,11135,4025,29,1,12
0,4,4,0,3,4,12278,9725,1,3,11
0,4,3,1,3,3,11038,11904,1,2,14
0,2,3,0,3,1,8318,2177,24,1,16
0,2,2,0,3,1,23537,7525,2,2,12
1,3,3,0,3,2,7858,4834,15,3,14
1,1,3,1,3,2,15346,2042,2,2,14
0,3,3,1,3,4,18410,2220,10,2,19
0,2,3,0,4,2,23384,1052,10,2,22
0,3,3,0,3,1,2997,2821,3,2,16
0,3,3,1,3,4,12853,19237,2,2,11
0,2,3,0,3,1,13848,4107,3,1,15
0,1,3,0,3,2,22217,8396,26,2,14
0,3,2,0,3,3,25265,2007,1,3,13
0,4,3,0,3,4,21445,19627,1,3,17
0,3,2,0,3,2,8392,10686,2,2,11
0,3,3,0,3,2,12154,2942,9,2,19
0,4,2,0,3,2,15669,8858,12,1,11
0,1,2,0,3,2,17323,16756,2,1,15
0,4,2,0,3,3,5268,10798,25,3,13
1,4,3,1,3,2,17205,2323,9,1,14
1,1,2,0,3,1,17258,1416,10,1,13
0,1,2,1,4,1,21029,4615,8,3,23
1,3,3,1,3,3,10332,2461,4,2,12
1,1,2,0,3,1,12355,8722,24,1,12
0,1,2,0,3,1,11141,3955,1,2,16
0,1,3,0,3,3,9096,9957,20,2,15
0,3,4,0,3,3,18863,3376,7,2,13
0,3,2,0,3,1,24608,8823,17,2,18
0,4,3,0,4,4,26542,10322,20,2,20
0,3,1,0,3,4,5869,4621,8,2,19
0,2,3,0,3,2,15813,10976,2,2,18
0,3,3,0,3,4,7909,3660,10,1,13
1,1,2,0,3,4,2326,10482,1,2,14
0,4,2,0,3,3,21214,7119,5,3,15
1,1,3,1,4,1,10333,9582,4,1,22
1,3,2,0,4,2,3129,4508,29,1,22
0,3,3,0,3,4,22482,2207,15,3,16
0,4,3,0,3,3,22266,7756,3,1,17
0,4,2,1,3,3,24223,6694,10,3,14
1,4,3,1,3,2,4605,3691,4,2,15
1,3,3,0,4,3,19373,2377,21,3,20
1,2,2,1,4,2,2993,2313,25,1,20
0,1,3,0,3,4,14399,17665,2,2,17
1,2,2,0,3,1,7160,2596,1,3,15
1,3,3,1,3,4,17251,4728,1,1,14
0,2,3,0,3,3,13401,4302,7,2,17
0,4,2,0,3,4,22478,2979,3,2,17
0,4,4,0,4,3,16154,16885,1,1,22
0,3,2,0,3,4,17970,5593,9,2,13
0,2,3,0,3,4,15322,10445,7,1,19
0,3,2,1,3,2,5569,8740,10,3,14
0,4,3,0,4,1,26968,2514,28,3,22
0,2,3,0,3,2,8039,7655,3,3,17
0,3,3,0,3,4,15596,17465,3,2,12
0,2,3,0,3,3,20619,7351,2,1,16
0,1,3,0,3,3,11535,10820,27,2,11
1,4,3,0,3,4,13547,12169,2,3,11
0,3,2,0,3,1,17544,19626,14,1,14
0,2,2,1,3,3,25326,2070,1,1,11
0,2,3,0,3,3,8770,6782,9,1,15
0,4,3,0,4,1,23238,7779,18,1,20
0,4,4,0,3,1,21981,2791,20,2,12
0,2,2,0,3,1,19911,3201,2,2,17
0,4,3,0,3,4,18500,4968,11,3,11
0,2,2,0,3,2,11879,13120,8,2,17
0,3,3,0,3,4,15834,4033,2,1,11
0,2,3,0,3,4,17940,3291,10,3,14
0,4,1,0,3,1,9558,4272,29,1,19
0,4,2,1,3,3,17689,5056,8,2,15
0,3,4,0,3,4,6004,2844,1,2,13
0,3,2,1,3,4,22088,2703,6,3,14
1,3,3,0,3,4,13556,1904,8,1,12
1,1,3,1,3,1,18385,8224,9,1,17
0,4,3,1,3,1,9051,4766,12,2,11
1,3,3,0,3,3,6233,2610,15,2,12
0,4,2,0,3,3,17171,5731,25,3,13
0,3,2,0,3,3,7950,2539,6,2,13
0,3,3,0,4,1,5829,5714,9,2,20
0,3,3,0,3,2,7108,4323,8,1,17
1,1,2,0,3,1,11162,7336,23,2,13
0,3,3,0,3,3,13782,13499,9,1,17
1,1,3,1,3,2,2447,13758,12,1,12
0,1,3,0,3,4,2253,5155,4,1,13
0,3,2,0,3,2,16340,2258,1,2,12
0,2,3,0,4,4,6409,3597,24,1,22
1,4,3,1,3,4,22955,2515,12,2,11
0,4,4,0,4,2,13421,4420,3,2,22
0,3,2,0,3,1,2706,6578,10,2,18
0,4,2,1,3,4,21203,4422,26,2,13
0,2,2,0,3,2,19588,10274,2,3,18
0,1,2,0,4,3,25755,5343,1,1,20
0,4,2,0,3,2,26537,2376,4,2,13
1,3,1,0,3,2,9489,5346,9,1,13
0,1,3,0,3,3,14947,2827,2,3,12
0,1,3,0,3,4,18575,19943,4,3,13
0,4,3,0,3,1,26342,3131,6,2,13
0,1,3,0,4,3,7172,2552,9,1,25
0,3,3,1,3,3,20100,4477,7,2,19
0,4,2,0,3,2,9961,6474,1,2,13
0,3,2,0,3,1,12828,3033,3,1,12
1,3,3,1,3,3,10826,2936,10,1,11
0,3,3,0,3,2,18640,18606,7,3,18
0,4,1,1,3,1,26933,2168,15,2,18
1,4,2,1,3,2,4223,2853,3,2,11
0,1,3,0,4,1,24097,17048,2,2,23
0,3,1,0,3,4,4279,2290,17,1,13
0,3,3,0,3,4,8429,3600,2,2,13
1,1,2,0,3,1,20293,2107,5,3,17
0,1,3,0,3,3,13192,4115,29,3,19
0,2,3,0,3,4,25440,4327,2,2,12
0,1,3,0,4,3,9490,17856,2,2,22
0,1,2,0,3,3,12449,3196,19,2,12
0,2,3,0,3,1,10849,19081,15,2,11
0,1,3,1,3,4,21026,8966,17,2,15
1,2,3,0,3,1,3372,2210,17,2,13
0,3,3,0,3,1,4905,4539,25,2,12
0,3,1,0,3,3,6865,2741,6,3,14
0,3,3,0,3,1,11309,3491,7,3,13
0,4,3,0,4,2,7744,4541,29,1,25
0,4,4,0,3,4,5050,2678,21,1,17
0,4,3,0,3,3,17433,7379,2,3,11
0,1,4,0,3,1,12858,6272,2,2,16
0,4,4,1,3,2,10893,5220,7,3,18
0,2,2,0,4,3,7331,2743,13,2,20
0,3,3,1,3,4,2338,4998,2,1,14
0,1,1,1,4,3,4235,10252,1,3,21
0,4,3,0,3,2,6311,2781,9,2,13
0,2,2,0,3,2,11591,6852,10,3,12
0,4,3,0,3,2,20623,4950,10,1,14
0,2,3,1,4,1,9369,3579,1,2,21
0,1,3,1,3,3,23281,13191,26,2,17
0,4,2,1,3,2,13755,10377,8,2,11
0,1,3,1,3,4,14377,2235,14,2,14
0,3,3,0,3,1,9659,10502,1,3,17
0,4,4,0,3,4,19982,2011,2,2,13
1,2,2,1,4,2,6148,1859,10,1,25
0,4,3,0,3,1,5598,3760,1,3,15
0,4,3,0,3,1,23474,17779,3,2,14
0,1,3,1,3,4,17089,6833,11,2,12
0,1,2,0,3,2,17198,6812,24,1,19
0,4,2,0,3,4,16490,5171,3,1,17
0,4,1,0,3,2,18625,19740,3,2,14
0,3,2,0,3,3,12124,18711,4,2,13
0,2,3,0,3,3,9256,3692,3,2,12
0,2,4,0,3,3,16620,2559,2,1,11
0,3,3,0,3,2,3208,2517,4,3,11
0,4,3,1,3,2,4204,6623,7,3,11
0,4,2,0,3,3,8733,18265,1,1,12
0,4,2,0,3,2,3423,16124,1,3,14
0,3,4,0,3,4,21643,2585,20,2,17
0,2,3,0,3,3,8751,18213,5,2,11
0,3,4,1,3,4,21708,8380,10,3,14
0,4,4,1,3,4,21221,2994,25,1,12
0,3,3,0,4,4,16901,1223,1,2,22
1,4,1,1,3,4,8040,1118,24,1,14
0,4,3,1,4,2,9973,2875,4,1,20
1,2,1,1,3,1,2493,18824,2,1,16
0,2,2,1,3,4,25592,13577,8,3,15
1,3,2,0,4,3,25308,2625,10,1,20
0,2,2,0,3,3,9946,18789,4,2,14
0,1,3,1,3,4,6039,4538,2,1,12
0,2,3,1,4,1,19196,19847,9,3,24
0,4,3,0,3,4,20002,10512,18,1,12
0,2,3,0,3,3,22534,4444,19,3,13
0,3,3,1,3,3,6842,2154,1,1,11
0,1,4,0,3,4,17477,19190,4,3,14
0,2,2,0,3,4,21833,4490,11,2,11
0,3,3,1,3,4,6020,3506,6,2,14
0,2,4,1,3,4,5628,2372,7,2,16
0,4,2,0,3,4,20364,10231,4,1,14
0,2,3,1,3,4,2323,5410,2,1,11
1,4,3,0,3,4,14075,7978,15,2,11
0,4,2,1,3,2,14222,3867,2,2,12
0,3,2,0,3,2,4257,2838,6,1,14
0,3,3,1,3,3,12858,4695,9,1,18
1,3,3,1,3,1,17285,3339,7,3,13
0,1,3,0,3,2,4732,2080,1,1,11
0,2,3,0,3,4,18830,2096,1,1,18
0,4,4,0,3,3,11693,6209,8,2,15
0,2,3,0,4,3,13035,18061,25,1,22
0,2,2,1,3,4,17334,17123,13,3,13
0,3,3,0,3,4,26076,2372,23,3,12
1,3,3,0,3,1,22845,4883,7,2,18
1,1,3,0,3,1,22154,3904,23,1,13
0,4,2,0,3,1,23631,4627,6,2,12
0,3,3,0,3,1,5747,7094,10,2,12
0,1,3,0,3,3,22957,3423,1,1,12
0,4,1,0,3,1,16392,6674,1,2,11
0,1,3,1,3,2,22422,16880,28,2,11
1,2,2,1,3,3,17235,9094,25,1,12
1,2,3,1,3,3,21534,8446,5,1,19
0,1,3,1,4,4,25927,11916,17,2,23
0,3,3,0,3,1,13352,4534,18,1,11
0,3,3,1,3,1,8935,9852,2,3,19
0,2,1,0,3,1,22074,6151,10,1,13
1,2,3,1,3,1,8319,2302,1,1,11
1,1,3,0,3,3,14669,2362,3,2,12
0,3,3,1,3,4,26582,17861,2,2,13
0,3,1,0,3,4,6992,19187,2,2,14
0,2,3,0,3,1,4022,19717,8,1,14
0,3,3,0,3,2,8532,3544,16,3,16
0,4,3,0,3,4,5494,8500,9,3,11
0,4,3,0,3,3,22455,4661,2,1,13
0,1,3,0,3,4,4297,4103,1,3,17
0,3,3,1,3,2,2690,4249,4,1,11
0,2,3,1,3,2,17588,14026,5,3,11
0,1,3,0,3,4,19461,6893,2,3,15
0,1,3,0,3,4,23553,6125,15,1,12
0,4,3,0,3,3,9075,3669,19,2,11
1,1,2,1,3,4,12023,10008,7,2,14
0,2,3,0,4,3,6762,2387,1,2,22
0,1,4,0,3,4,2261,4639,7,2,16
0,4,3,0,3,3,18706,7898,4,1,11
0,4,4,0,3,2,6527,2534,11,2,14
0,2,2,0,3,2,24439,13142,11,1,16
0,4,3,0,3,3,19305,1611,1,1,15
0,4,2,0,3,2,10846,5363,1,2,12
0,4,1,0,4,2,20392,5071,2,1,20
1,3,4,1,3,3,9277,13695,13,1,17
0,2,3,1,3,1,18235,13402,23,2,12
0,3,2,0,4,3,15891,2029,26,3,20
0,3,4,0,4,2,13888,6377,2,3,20
0,3,3,0,3,1,17491,5429,29,2,13
1,4,2,0,3,3,11882,2785,2,1,14
1,3,3,1,3,3,23288,4614,18,2,18
0,3,4,0,3,4,15748,2610,7,3,11
0,4,3,0,3,4,6163,6687,2,1,11
0,1,2,0,3,3,24232,4724,26,2,11
1,3,3,1,3,4,21057,6179,22,2,15
0,4,2,1,3,4,3567,6120,21,2,12
0,2,3,0,3,2,15395,10596,2,2,11
0,4,3,1,3,1,13953,5467,22,3,14
0,3,3,1,3,4,5182,2996,4,2,15
0,4,3,0,3,1,19293,9998,5,2,13
0,2,3,1,3,1,20497,4078,2,2,13
0,3,3,0,4,2,3449,10920,25,2,21
0,3,4,0,3,2,12477,6232,18,2,11
0,3,4,1,3,2,9731,13247,28,2,11
0,3,2,1,3,1,20003,4081,6,1,14
0,4,2,1,3,4,7100,5769,10,2,11
1,3,3,1,3,4,25681,2394,17,1,13
0,4,2,0,3,4,4050,3904,2,1,12
0,1,3,0,3,3,16616,16799,10,2,14
0,1,3,0,3,3,17363,2950,8,2,13
0,3,3,0,3,1,19106,3629,11,1,18
0,4,3,0,3,3,19944,9362,18,1,11
0,4,3,0,3,2,4910,3229,1,2,11
0,1,4,0,3,4,23577,3578,7,1,12
0,1,2,0,3,1,9769,7988,17,1,13
1,1,2,0,4,1,22710,4284,28,1,20
1,4,3,1,3,1,22930,7553,14,1,12
0,4,3,0,3,4,5652,17328,1,1,19
0,1,3,1,4,3,22456,19701,1,2,21
0,4,4,0,3,4,12414,14732,1,3,13
0,2,3,1,3,4,20763,9278,3,1,16
1,3,1,0,3,2,16154,1359,1,1,12
0,1,3,0,3,2,12761,4779,7,3,14
0,2,3,0,3,3,8847,16422,8,1,11
0,1,3,0,3,3,20284,2996,1,3,14
1,2,2,0,3,3,22262,1261,8,1,12
0,1,3,0,3,2,7679,2099,11,2,14
0,4,2,0,3,3,22604,5810,4,1,16
0,1,2,0,3,1,13494,5647,16,2,13
0,4,3,0,3,3,10205,3420,1,2,12
1,1,2,0,3,1,15182,4400,9,2,12
0,3,4,0,3,1,25470,3500,5,1,14
0,1,3,0,4,4,10494,2066,1,2,22
0,3,3,0,3,2,26703,17169,2,2,19
0,3,3,1,3,3,15211,4162,4,2,12
0,4,3,0,3,3,23343,9204,7,2,12
0,2,2,0,3,1,3708,3294,1,2,17
0,3,4,1,3,1,5561,2127,5,2,12
0,3,3,0,3,3,23099,3975,9,3,11
0,4,3,0,3,1,8386,10793,8,3,18
1,4,3,0,3,1,15986,10096,9,3,11
1,1,2,1,4,2,17181,3646,2,1,23
1,2,4,0,3,1,8931,7446,1,1,11
0,1,1,1,3,2,19863,10851,20,3,18
0,2,4,0,3,4,24609,2109,8,1,18
1,4,3,1,3,3,21081,3722,2,2,13
0,4,3,1,3,4,14720,9380,29,2,18
0,1,3,0,3,1,24795,5486,7,3,11
1,3,3,0,3,4,3072,2742,9,2,15
0,2,2,0,3,3,25178,13757,8,3,11
0,1,3,0,3,4,23490,8463,5,1,18
0,3,2,0,3,4,7973,3162,5,1,14
0,2,4,0,3,2,19764,16598,2,1,12
0,3,3,0,3,2,21534,6651,5,2,14
0,3,3,0,3,3,8045,2345,2,3,14
0,2,3,0,3,3,21158,3420,20,1,13
0,1,3,0,3,1,17456,4373,7,2,14
0,1,1,0,3,4,15891,4759,3,1,18
0,3,3,0,3,3,2939,5301,16,2,15
0,4,3,0,3,3,16458,3673,9,1,13
0,3,3,0,3,3,9282,4768,1,2,12
0,3,3,0,3,2,7152,1274,7,3,13
0,3,4,0,4,1,2721,4900,1,2,24
0,2,3,0,3,2,20948,10466,7,3,14
0,1,3,0,3,4,11929,17007,15,3,14
1,3,3,0,3,4,15747,2909,1,2,15
1,2,3,0,3,1,17485,5765,13,1,11
1,2,2,1,4,3,7815,4599,24,1,23
0,3,3,0,3,1,16192,2404,7,2,13
1,1,3,1,3,3,16998,3172,9,1,11
0,2,3,0,3,3,7103,2033,13,2,13
0,3,3,1,3,2,19719,10209,2,1,18
0,3,2,0,3,3,23757,8620,19,3,14
0,3,3,0,4,1,15428,2064,1,3,21
0,3,3,1,3,2,16143,4035,4,2,16
0,2,2,0,3,4,8192,3838,4,2,11
0,3,3,1,3,3,24200,4591,14,2,17
1,1,2,0,3,3,5355,2561,2,1,11
0,3,2,0,3,4,12530,1563,1,3,14
0,1,3,0,3,4,11827,4898,7,1,14
0,1,2,0,4,1,23070,4789,3,2,25
0,2,3,0,3,3,4668,3180,2,2,13
0,2,1,0,3,2,3173,6549,29,2,14
0,3,3,1,3,1,22049,6388,8,1,17
0,4,3,0,4,2,21072,11244,10,1,25
0,4,3,0,4,1,24456,16032,11,3,20
1,1,2,0,3,3,7568,2362,1,1,13
0,1,3,0,3,3,22074,16328,28,2,13
0,2,3,0,3,4,9150,8376,6,1,18
0,2,3,0,3,4,11380,16606,3,2,12
0,2,2,0,3,4,21195,8606,16,1,19
0,3,3,0,3,2,24812,2272,20,1,14
1,1,3,0,3,2,21831,2018,9,1,14
0,3,2,1,3,4,12288,7083,1,2,14
1,3,3,0,3,1,4156,4084,3,1,12
0,4,1,1,3,4,24450,14411,22,1,13
0,3,3,1,4,2,4944,2308,7,2,25
0,2,2,0,3,2,24052,4841,2,2,14
0,4,3,0,3,1,3031,4285,13,2,17
0,1,1,0,3,3,7288,9715,8,2,13
0,2,2,0,3,4,24152,4320,25,1,13
0,4,3,0,4,4,4585,2132,28,2,20
0,4,3,1,3,3,18611,10124,2,2,14
0,1,3,0,3,4,19345,5473,9,2,12
0,3,3,1,3,2,22949,5207,28,2,12
0,4,3,1,4,4,17381,16437,6,1,21
0,1,2,0,3,2,10036,2296,21,3,14
0,4,3,1,3,3,8841,4069,8,3,18
0,2,3,0,3,1,20933,7441,1,3,12
0,3,2,0,4,1,26204,2430,28,2,23
0,2,2,0,3,1,15624,5878,5,2,12
0,4,3,1,4,4,17001,2644,2,1,21
0,3,3,0,3,3,13693,6439,16,3,14
0,3,4,0,3,1,22376,2451,9,2,18
0,1,3,0,3,4,10589,6392,8,2,13
1,1,2,0,3,4,5323,9714,1,2,11
0,3,3,0,3,3,14814,6077,10,2,11
0,1,2,0,3,2,21731,2450,1,1,19
0,2,3,0,3,2,17799,9250,29,2,12
1,1,3,1,3,4,26619,2074,2,3,12
1,4,2,0,3,2,14618,10169,2,2,16
1,2,3,0,3,1,7653,4855,2,2,11
0,1,3,0,3,2,25174,4087,1,2,14
0,1,3,0,3,4,16530,2367,15,2,12
0,4,3,0,3,3,22061,2972,7,1,13
0,4,2,0,4,3,23037,19586,26,2,21
0,4,3,0,3,2,13008,5484,1,2,17
0,4,3,0,4,1,11133,2061,3,2,21
0,2,3,0,3,4,12355,9924,14,2,11
0,2,3,0,3,2,16379,4198,16,1,12
0,3,3,0,3,1,21447,6815,1,1,13
0,1,3,1,3,4,16213,4723,3,1,18
0,3,3,1,3,3,4223,6142,10,1,16
0,3,4,0,3,1,4658,8237,6,2,11
0,4,3,0,3,4,24483,8853,2,3,19
0,3,3,1,3,3,19519,19331,9,2,16
0,3,4,0,3,4,12826,2073,10,2,16
0,1,4,1,3,4,19711,5562,6,2,13
0,4,2,0,4,4,26362,19613,9,1,22
0,3,4,0,3,4,25348,3407,28,2,17
0,3,2,0,3,2,15332,5063,10,2,14
0,1,3,0,3,3,11262,4639,14,2,15
0,2,4,0,3,3,5855,4876,27,3,12
0,4,2,0,3,4,7713,2690,7,2,18
0,1,4,0,3,2,3156,17567,1,1,15
1,2,3,1,3,3,7324,2408,24,2,17
0,3,2,1,3,2,10293,2814,26,2,14
0,3,3,1,3,3,20689,11245,20,2,15
0,4,4,0,3,4,18783,3312,5,2,17
0,4,3,1,3,4,3549,19049,7,3,14
0,2,2,0,3,2,5348,2141,7,2,12
0,1,1,1,3,1,23447,5769,5,1,14
0,1,2,0,3,1,24162,4385,26,2,15
0,1,3,0,3,4,21602,5332,2,1,13
0,3,3,1,3,2,12421,4663,12,2,12
0,4,4,0,3,1,17000,4724,10,3,13
0,1,3,0,3,4,22102,3211,25,2,14
0,1,3,0,3,4,3835,5377,10,2,13
0,1,2,0,3,1,16290,4066,19,3,11
0,1,4,0,3,4,26312,5208,18,2,11
0,1,1,0,4,2,20460,4877,27,3,21
0,4,3,0,3,3,26009,3117,5,1,18
1,4,3,1,3,3,18420,1569,3,1,12
0,3,3,0,3,3,5220,19658,26,2,11
0,3,2,0,3,4,10302,3069,3,3,15
0,3,2,0,3,4,25800,10435,15,2,13
0,3,3,0,3,4,12250,4148,8,2,12
0,3,3,0,3,1,26493,5768,19,2,17
0,3,3,0,3,4,3140,5042,4,1,13
0,4,2,0,3,1,5388,5770,2,3,19
0,3,2,1,3,4,14199,7756,2,2,19
1,1,2,0,3,3,21530,10306,10,2,17
0,2,3,0,3,1,9953,3936,10,2,11
0,4,3,1,3,4,19948,7945,16,1,15
0,4,3,1,3,3,10503,5743,1,2,11
0,4,2,0,4,2,5602,15202,4,2,25
1,4,1,1,3,4,22098,5440,15,3,14
0,4,3,1,3,3,17218,3760,2,1,13
0,3,4,0,3,1,22490,3517,8,2,17
0,4,3,0,3,3,6297,2580,2,1,13
1,1,3,1,3,2,3339,2166,7,1,14
0,3,2,0,3,3,23413,5869,10,1,11
0,1,3,0,3,3,22792,8008,5,2,12
0,3,4,0,3,3,4973,5206,2,3,17
0,2,3,0,4,3,7693,5295,12,2,21
0,2,3,0,3,2,3498,16413,22,2,16
0,1,2,0,3,3,21981,13269,17,3,15
0,3,3,0,3,1,13251,2783,2,1,19
0,2,3,0,3,3,19332,5433,3,3,12
0,2,3,0,3,3,10950,2013,7,1,11
0,3,2,1,3,2,11652,13966,6,2,19
0,3,2,0,3,3,15411,4374,1,2,15
0,1,4,0,4,1,26308,6842,3,3,20
0,3,3,0,4,3,18685,17426,22,2,25
0,3,2,0,4,1,3525,17603,15,2,24
1,4,3,1,4,1,10414,4581,12,1,24
0,4,3,0,3,4,9867,4735,1,2,15
0,2,2,1,3,2,3356,4187,5,3,13
0,4,3,0,3,3,3921,5505,2,3,14
0,2,3,0,3,3,25518,5470,2,3,13
0,4,3,0,3,1,22589,5476,5,2,11
0,1,3,1,3,2,24941,2587,16,3,16
0,2,2,0,4,2,23826,2440,2,1,22
0,2,4,0,3,3,21086,15972,2,3,14
0,3,3,0,3,1,22384,15379,1,1,14
0,3,3,1,3,4,11591,7082,23,1,16
0,1,3,0,3,1,21082,2728,9,1,11
0,4,3,1,4,3,16130,5368,16,3,25
0,3,3,0,3,2,7419,5347,26,2,14
0,4,3,1,3,1,4167,3195,1,3,18
1,3,2,1,3,1,20586,3989,8,1,11
0,3,3,0,3,4,26176,3306,4,2,19
0,4,4,0,3,3,3458,7005,24,2,15
1,3,3,1,3,3,11740,2655,7,2,11
1,2,3,0,3,1,24852,1393,2,1,12
0,4,3,0,4,3,11925,2570,7,1,20
0,2,2,0,3,4,23737,3537,22,3,12
0,4,2,0,3,3,11912,3986,5,2,14
0,4,1,0,4,3,20467,10883,1,3,20
0,2,4,0,3,4,13637,2028,21,2,18
0,4,1,0,3,3,7677,9525,1,3,14
0,4,2,0,3,2,20338,2929,19,2,12
1,4,3,1,4,2,25103,2275,7,3,21
0,4,4,1,3,2,14810,7879,2,2,19
0,4,2,1,3,3,13970,4930,2,1,14
0,4,3,1,3,1,6069,7847,2,2,17
0,3,4,0,3,4,17616,4401,9,2,16
0,3,3,0,3,2,15869,9241,6,1,12
0,3,3,0,3,3,25412,2974,9,2,17
0,4,3,0,3,3,7439,4502,2,1,15
0,3,2,0,4,4,3395,10748,1,2,23
1,3,1,0,3,3,11585,1555,22,2,11
1,3,1,0,3,3,24164,12936,9,2,11
0,3,1,0,3,3,6217,2305,17,2,15
0,2,2,0,3,3,17119,16704,28,1,11
0,3,3,0,3,1,17360,3433,10,2,13
0,3,3,0,3,4,18103,3477,2,2,14
0,2,1,0,3,2,20794,6430,4,2,19
0,1,3,1,3,2,5041,6516,8,2,16
0,1,3,0,3,2,3622,3907,29,3,13
0,2,3,0,3,4,9697,5562,13,1,14
0,3,3,0,3,2,5151,6883,27,2,16
0,4,3,0,3,2,3811,2862,16,2,12
0,2,3,0,3,4,3536,4978,2,2,11
0,4,3,1,3,2,5596,10368,2,3,12
1,1,2,1,3,2,8658,6134,13,3,13
1,2,1,0,3,2,12147,6735,1,1,15
0,2,3,0,3,3,12862,3295,4,1,13
0,4,3,0,4,4,6670,5238,24,1,20
0,4,3,1,3,4,8989,6472,1,2,15
0,3,1,0,3,3,3840,9610,19,2,13
0,2,3,0,3,2,4349,19833,7,1,14
0,3,1,0,4,3,6595,9756,4,2,21
0,1,2,0,3,4,26427,4968,2,1,16
0,4,3,0,3,4,2097,2145,10,2,14
1,4,2,0,3,3,9732,2180,8,3,11
0,3,3,0,3,3,20943,8346,5,2,19
0,4,3,0,3,3,6152,3445,8,1,11
1,2,1,0,3,3,14630,2760,9,1,13
0,3,4,1,3,4,23060,6294,1,1,12
0,1,2,0,3,1,3088,7140,15,3,11
0,4,4,1,3,1,5586,2932,2,2,14
0,2,3,0,3,4,10697,5147,2,1,15
0,4,3,0,3,3,8191,4507,11,1,12
1,1,3,1,4,3,10092,8564,16,1,20
0,2,2,0,3,2,15963,2468,2,2,14
1,3,3,0,3,1,19002,8161,16,2,13
0,1,2,0,3,3,10007,2109,4,3,13
0,3,4,0,3,3,9128,5294,16,2,16
0,2,3,0,3,2,17674,2718,5,1,14
0,4,1,1,3,3,24539,5811,18,2,16
1,3,2,1,3,4,15587,2437,17,2,16
0,2,3,0,4,2,8952,2766,12,3,22
0,1,2,0,3,2,19805,19038,2,2,12
0,2,3,0,3,4,6194,3055,4,3,15
0,1,3,0,4,2,20520,2289,9,3,20
0,3,3,1,3,3,12313,4001,10,3,14
0,3,2,1,4,4,22308,12965,1,2,20
0,4,3,0,3,2,5033,3539,2,1,13
0,4,1,0,3,1,25353,6029,3,1,12
1,2,3,0,3,2,4567,2679,7,1,13
0,3,2,0,3,2,16376,3702,6,2,11
1,1,3,1,3,3,15999,2398,8,2,17
0,4,2,0,3,1,13402,5468,29,2,14
0,3,3,0,3,4,22984,13116,3,2,11
0,2,2,0,3,1,8800,4189,9,2,14
0,4,3,1,3,3,14218,19328,2,3,17
0,1,3,1,3,4,25949,8321,10,2,13
1,2,3,1,3,3,11092,2342,1,3,12
0,2,3,0,3,3,12832,4071,8,3,13
1,4,3,1,3,4,13492,5813,27,1,18
0,1,4,0,3,2,6076,3143,8,2,19
0,4,3,0,3,3,5531,2044,1,2,11
0,3,3,0,4,3,7914,13464,10,1,21
0,2,2,0,3,3,25166,7991,26,1,15
0,1,3,0,3,4,25605,3377,2,2,17
0,1,4,0,3,3,5696,5538,13,2,18
0,4,3,0,3,3,24442,5762,2,3,14
0,2,3,0,3,4,7129,2592,2,3,13
1,1,3,0,3,3,6208,5346,9,2,17
1,1,3,0,3,2,4992,4213,10,1,15
0,4,3,0,3,4,19188,4127,20,3,18
0,3,3,0,3,3,24978,2438,9,1,13
0,2,4,0,3,1,15530,6870,5,1,12
0,3,3,1,3,4,26458,10447,4,3,13
0,3,3,0,3,2,2739,9667,10,1,14
1,2,3,1,3,3,6889,2148,20,2,11
1,2,3,0,4,4,10842,8926,21,2,22
0,4,3,0,3,4,9060,6513,1,3,17
0,3,4,0,4,3,22128,6799,8,2,21
0,2,3,0,4,4,22577,16291,2,3,22
0,3,1,0,3,2,9696,2705,23,2,16
0,2,2,1,3,3,19271,10333,4,3,12
0,1,3,0,3,2,10748,4448,12,3,12
0,4,3,0,3,2,15696,6854,7,2,15
0,1,3,0,3,4,8277,9637,7,2,14
0,1,3,0,4,3,12719,3591,1,2,25
0,4,1,1,4,1,4244,5405,2,2,20
0,4,3,0,3,1,9125,4684,10,1,13
0,3,3,1,3,2,21624,15787,15,2,14
0,3,3,0,3,3,8018,1514,14,1,16
1,1,4,0,3,3,21495,2956,18,2,17
1,1,2,1,3,4,3157,2335,13,3,15
0,3,3,0,4,2,19665,5154,2,2,22
0,2,3,1,4,4,19573,6962,2,2,22
0,4,3,0,4,3,19246,5675,2,2,20
0,4,3,1,3,3,19826,2379,5,1,14
0,4,3,0,3,2,7003,3812,20,2,13
0,4,3,0,3,3,26075,4648,10,1,13
0,3,3,0,4,2,6161,2936,10,2,22
0,3,3,0,3,3,5411,2105,9,1,12
0,4,3,0,3,3,19989,8578,2,3,14
0,4,3,0,3,2,10494,2706,1,3,15
0,3,1,0,3,4,21143,6384,29,3,17
0,3,3,0,3,4,13624,3968,8,1,13
1,2,2,1,3,3,26186,9907,2,1,12
0,1,4,0,3,4,7739,13225,3,3,12
0,3,2,0,4,4,7018,3540,23,2,21
0,2,2,0,3,4,15434,2804,6,2,11
0,3,2,0,3,4,22539,19392,6,2,13
0,2,2,0,3,4,13583,19665,10,2,12
1,4,2,1,4,2,14753,2439,24,1,24
1,2,3,0,4,3,14011,7314,10,2,21
0,1,2,0,3,4,23844,4774,15,2,19
0,4,3,0,3,2,5141,3902,19,3,14
0,4,2,0,4,2,7975,2662,2,2,20
0,2,3,0,3,4,3692,2856,3,2,19
1,4,3,0,3,3,16019,1081,9,1,13
1,2,3,1,4,1,26092,2472,7,1,23
0,3,2,1,3,1,6060,5673,10,2,13
0,3,3,0,3,1,18624,4197,20,3,11
0,4,3,1,3,4,24444,9713,4,2,13
0,1,3,0,3,2,19384,2062,7,1,14
0,1,3,1,4,3,13588,4284,7,2,22
0,2,2,1,3,4,25388,4788,16,2,11
0,4,2,0,3,4,23888,5906,25,2,13
0,4,2,0,4,4,4223,3886,2,1,21
0,1,3,0,3,1,18991,16823,1,3,11
0,3,2,1,3,3,14908,2933,1,2,13
0,3,4,0,3,2,26997,6500,2,1,14
0,4,3,0,3,2,2437,17174,22,3,11
0,1,4,0,3,4,9364,5033,1,2,15
1,1,1,1,4,2,14460,2307,16,2,23
1,4,3,0,3,4,10261,2587,24,1,16
0,2,2,0,3,3,16822,5507,17,2,16
0,2,3,0,4,3,26841,4393,8,2,21
0,1,3,0,3,2,14842,13348,6,2,13
0,4,3,1,3,4,20115,6583,10,3,11
0,4,2,1,3,3,16495,8103,3,2,12
0,3,4,0,3,2,16031,3978,4,3,12
0,4,4,0,3,1,7102,2544,6,2,18
0,3,3,0,3,3,14511,5399,1,1,12
0,3,3,0,3,2,10410,5487,10,1,14
0,4,2,1,3,3,19255,6834,1,2,12
1,1,4,0,3,4,10642,1091,24,1,17
0,3,1,0,3,3,3987,5736,21,2,19
0,2,3,0,3,3,6073,2226,2,2,11
0,4,2,1,3,2,26496,5747,22,2,15
1,3,3,1,3,4,23352,9854,13,1,11
0,2,3,0,3,3,2125,5467,14,2,18
0,1,2,0,3,3,20328,5380,11,2,16
0,1,3,0,4,4,12315,5151,9,2,25
0,2,2,1,3,3,18115,2133,8,3,16
0,4,3,1,3,3,11761,17875,21,2,13
1,3,4,1,3,1,15318,2432,5,1,14
0,4,3,0,3,4,14293,4771,9,3,19
0,4,3,0,3,4,13738,19161,2,2,15
0,4,3,1,3,3,2900,5087,12,3,12
1,2,2,0,3,1,19555,2863,22,2,12
0,1,3,0,3,4,15975,5561,18,2,16
0,3,3,0,3,3,2122,2144,16,1,14
0,1,3,1,3,4,3995,3065,3,3,13
0,2,4,0,4,2,9238,2810,9,2,22
0,4,3,0,4,1,6770,9888,1,1,21
0,3,3,0,3,3,22914,8628,13,3,18
0,1,3,0,3,4,20006,2867,1,1,13
0,1,3,0,3,1,6225,5373,1,2,12
0,4,3,0,3,2,16542,6667,15,3,18
0,1,1,0,4,2,5771,5003,1,2,21
1,4,2,0,3,1,18779,2367,17,3,12
0,1,2,0,3,1,11473,2858,1,1,14
0,4,3,1,3,4,13586,5204,7,2,11
0,4,3,0,3,1,5099,4105,9,1,14
0,4,2,0,4,2,10138,9679,5,1,24
1,4,3,1,3,3,21075,5617,26,2,11
1,1,3,1,3,2,5843,10448,24,1,13
0,3,3,0,3,3,22474,2897,9,2,11
0,3,3,0,4,3,18079,5968,7,3,20
0,3,3,0,3,2,16873,7510,11,2,17
0,2,3,1,3,2,5224,2991,1,2,11
0,2,4,1,3,1,25811,19636,26,2,18
0,4,1,1,3,3,17536,1129,2,3,11
0,1,3,0,3,1,25098,13341,15,1,12
0,3,2,0,3,4,14811,4332,23,1,12
0,3,3,0,4,3,26862,11031,10,2,20
0,1,3,1,3,4,25198,4440,10,1,19
0,3,2,0,3,2,14120,4617,1,1,12
0,4,3,0,3,3,13672,2647,12,1,13
0,3,3,0,3,1,26849,6323,11,2,11
0,2,3,0,3,3,4258,5677,2,2,14
0,2,3,0,3,3,19655,2187,2,2,14
0,2,3,0,3,3,4077,3748,1,2,13
0,3,3,1,3,3,7298,3977,2,3,19
0,3,3,0,4,2,13084,8633,25,1,23
0,3,2,0,3,3,20439,2008,1,3,12
0,2,3,0,3,1,7636,4440,1,2,15
0,3,3,0,3,3,6393,3067,2,2,19
0,3,2,0,3,4,14284,5321,6,2,11
0,1,3,1,3,3,11189,5410,18,3,17
0,4,3,0,4,1,21412,2782,1,2,22
0,2,3,0,3,1,17231,11957,1,2,18
0,3,3,1,3,3,20232,2660,11,2,11
0,3,3,0,3,4,17624,3375,1,1,12
0,3,3,0,3,2,18698,5098,9,1,19
0,4,3,1,3,1,21653,4878,15,2,13
0,2,2,0,3,3,15919,2837,29,1,13
0,4,3,0,3,3,4060,2406,1,2,19
0,2,2,0,3,2,18024,2269,1,2,14
0,4,3,0,3,1,5340,4108,24,1,13
0,3,1,0,3,1,3376,13206,10,2,12
0,4,3,0,3,3,24032,10422,1,2,19
0,4,4,1,4,1,15471,13744,10,2,25
0,3,3,1,4,2,13684,4907,8,3,22
0,4,3,0,3,2,19788,3482,29,3,15
0,4,3,1,3,3,13422,2436,1,1,12
0,1,3,1,3,4,25479,2380,5,1,11
0,4,3,0,3,3,15302,19431,9,1,13
1,1,3,0,3,1,26956,1790,9,2,19
0,4,2,0,3,3,12695,7644,3,2,19
0,2,3,0,3,2,9192,5131,4,3,13
0,3,3,0,4,1,26236,6306,1,3,21
1,4,3,1,3,2,26124,4787,1,2,14
0,3,3,0,3,1,17312,18880,2,2,11
1,3,3,0,3,4,3666,2339,7,2,11
0,2,2,0,4,3,5640,13570,28,2,23
0,3,2,0,4,4,8978,6712,28,2,21
0,4,1,0,4,1,10436,5406,15,3,24
0,2,2,0,3,3,12227,8938,3,3,11
0,1,3,0,3,4,11288,2439,2,1,14
0,4,3,1,3,3,16642,8837,26,1,16
0,4,3,0,3,3,5982,5343,10,2,11
1,3,3,0,3,4,14255,6728,1,3,12
0,4,2,0,3,1,14369,6652,11,2,13
0,3,3,0,3,3,23333,4850,20,1,15
0,3,2,0,3,4,2725,2809,2,1,14
0,3,3,1,3,4,24594,5689,18,2,14
0,3,3,0,3,2,12549,2001,2,2,14
0,4,1,0,3,4,8952,2977,1,2,12
0,2,2,1,3,1,23679,4025,13,2,13
0,1,2,0,3,2,8489,3785,28,1,14
1,1,2,1,3,2,16586,10854,28,3,13
0,4,2,0,3,1,8828,12031,24,2,11
0,1,3,0,3,2,3787,9936,5,1,19
0,3,2,0,3,4,21378,2966,5,1,18
0,4,4,0,3,3,12290,2571,23,2,17
0,1,2,0,3,1,21457,9991,6,2,15
0,2,4,1,4,2,5174,6142,4,2,20
0,2,2,0,3,4,13243,5390,2,2,14
0,3,4,0,3,1,10228,4404,8,2,12
